Species,Start of experiment,Date,Day elapsed,Colony,Treatment,N fragment,Bleached fragments,Healthy fragments
A. millepora,06-Oct-21,06-Oct-21,0,AMIL01,Control,8,0,8
A. millepora,06-Oct-21,06-Oct-21,0,AMIL02,Control,8,0,8
A. millepora,06-Oct-21,06-Oct-21,0,AMIL03,Control,8,0,8
A. millepora,06-Oct-21,06-Oct-21,0,AMIL04,Control,8,0,8
A. millepora,06-Oct-21,06-Oct-21,0,AMIL05,Control,8,0,8
A. millepora,06-Oct-21,06-Oct-21,0,AMIL06,Control,8,0,8
A. millepora,06-Oct-21,06-Oct-21,0,AMIL07,Control,8,0,8
A. millepora,06-Oct-21,06-Oct-21,0,AMIL08,Control,8,0,8
A. millepora,06-Oct-21,06-Oct-21,0,AMIL09,Control,8,0,8
A. millepora,06-Oct-21,06-Oct-21,0,AMIL10,Control,8,0,8
A. millepora,06-Oct-21,06-Oct-21,0,AMIL11,Control,8,0,8
A. millepora,06-Oct-21,06-Oct-21,0,AMIL12,Control,8,0,8
A. millepora,06-Oct-21,06-Oct-21,0,AMIL13,Control,8,0,8
A. millepora,06-Oct-21,06-Oct-21,0,AMIL14,Control,8,0,8
A. millepora,06-Oct-21,06-Oct-21,0,AMIL15,Control,8,0,8
A. millepora,06-Oct-21,06-Oct-21,0,AMIL16,Control,8,0,8
A. millepora,06-Oct-21,06-Oct-21,0,AMIL17,Control,8,0,8
A. millepora,06-Oct-21,06-Oct-21,0,AMIL18,Control,8,0,8
A. millepora,06-Oct-21,06-Oct-21,0,AMIL19,Control,8,0,8
A. millepora,06-Oct-21,06-Oct-21,0,AMIL20,Control,8,0,8
A. millepora,06-Oct-21,06-Oct-21,0,AMIL21,Control,8,0,8
A. millepora,06-Oct-21,06-Oct-21,0,AMIL22,Control,8,0,8
A. millepora,06-Oct-21,06-Oct-21,0,AMIL23,Control,8,0,8
A. millepora,06-Oct-21,06-Oct-21,0,AMIL24,Control,8,0,8
A. millepora,06-Oct-21,06-Oct-21,0,AMIL25,Control,8,0,8
A. millepora,06-Oct-21,06-Oct-21,0,AMIL26,Control,8,0,8
A. millepora,06-Oct-21,06-Oct-21,0,AMIL27,Control,8,0,8
A. millepora,06-Oct-21,06-Oct-21,0,AMIL28,Control,8,0,8
A. millepora,06-Oct-21,06-Oct-21,0,AMIL29,Control,8,0,8
A. millepora,06-Oct-21,06-Oct-21,0,AMIL30,Control,8,0,8
A. millepora,06-Oct-21,06-Oct-21,0,AMIL01,Heat-stressed,8,0,8
A. millepora,06-Oct-21,06-Oct-21,0,AMIL02,Heat-stressed,8,0,8
A. millepora,06-Oct-21,06-Oct-21,0,AMIL03,Heat-stressed,8,0,8
A. millepora,06-Oct-21,06-Oct-21,0,AMIL04,Heat-stressed,8,0,8
A. millepora,06-Oct-21,06-Oct-21,0,AMIL05,Heat-stressed,8,0,8
A. millepora,06-Oct-21,06-Oct-21,0,AMIL06,Heat-stressed,8,0,8
A. millepora,06-Oct-21,06-Oct-21,0,AMIL07,Heat-stressed,8,0,8
A. millepora,06-Oct-21,06-Oct-21,0,AMIL08,Heat-stressed,8,0,8
A. millepora,06-Oct-21,06-Oct-21,0,AMIL09,Heat-stressed,8,0,8
A. millepora,06-Oct-21,06-Oct-21,0,AMIL10,Heat-stressed,8,0,8
A. millepora,06-Oct-21,06-Oct-21,0,AMIL11,Heat-stressed,8,0,8
A. millepora,06-Oct-21,06-Oct-21,0,AMIL12,Heat-stressed,8,0,8
A. millepora,06-Oct-21,06-Oct-21,0,AMIL13,Heat-stressed,8,0,8
A. millepora,06-Oct-21,06-Oct-21,0,AMIL14,Heat-stressed,8,0,8
A. millepora,06-Oct-21,06-Oct-21,0,AMIL15,Heat-stressed,8,0,8
A. millepora,06-Oct-21,06-Oct-21,0,AMIL16,Heat-stressed,8,0,8
A. millepora,06-Oct-21,06-Oct-21,0,AMIL17,Heat-stressed,8,0,8
A. millepora,06-Oct-21,06-Oct-21,0,AMIL18,Heat-stressed,8,0,8
A. millepora,06-Oct-21,06-Oct-21,0,AMIL19,Heat-stressed,8,0,8
A. millepora,06-Oct-21,06-Oct-21,0,AMIL20,Heat-stressed,8,0,8
A. millepora,06-Oct-21,06-Oct-21,0,AMIL21,Heat-stressed,8,0,8
A. millepora,06-Oct-21,06-Oct-21,0,AMIL22,Heat-stressed,8,0,8
A. millepora,06-Oct-21,06-Oct-21,0,AMIL23,Heat-stressed,8,0,8
A. millepora,06-Oct-21,06-Oct-21,0,AMIL24,Heat-stressed,8,0,8
A. millepora,06-Oct-21,06-Oct-21,0,AMIL25,Heat-stressed,8,0,8
A. millepora,06-Oct-21,06-Oct-21,0,AMIL26,Heat-stressed,8,0,8
A. millepora,06-Oct-21,06-Oct-21,0,AMIL27,Heat-stressed,8,0,8
A. millepora,06-Oct-21,06-Oct-21,0,AMIL28,Heat-stressed,8,0,8
A. millepora,06-Oct-21,06-Oct-21,0,AMIL29,Heat-stressed,8,0,8
A. millepora,06-Oct-21,06-Oct-21,0,AMIL30,Heat-stressed,8,0,8
A. millepora,06-Oct-21,07-Oct-21,1,AMIL01,Control,8,0,8
A. millepora,06-Oct-21,07-Oct-21,1,AMIL02,Control,8,0,8
A. millepora,06-Oct-21,07-Oct-21,1,AMIL03,Control,8,0,8
A. millepora,06-Oct-21,07-Oct-21,1,AMIL04,Control,8,0,8
A. millepora,06-Oct-21,07-Oct-21,1,AMIL05,Control,8,0,8
A. millepora,06-Oct-21,07-Oct-21,1,AMIL06,Control,8,0,8
A. millepora,06-Oct-21,07-Oct-21,1,AMIL07,Control,8,0,8
A. millepora,06-Oct-21,07-Oct-21,1,AMIL08,Control,8,0,8
A. millepora,06-Oct-21,07-Oct-21,1,AMIL09,Control,8,0,8
A. millepora,06-Oct-21,07-Oct-21,1,AMIL10,Control,8,0,8
A. millepora,06-Oct-21,07-Oct-21,1,AMIL11,Control,8,0,8
A. millepora,06-Oct-21,07-Oct-21,1,AMIL12,Control,8,0,8
A. millepora,06-Oct-21,07-Oct-21,1,AMIL13,Control,8,0,8
A. millepora,06-Oct-21,07-Oct-21,1,AMIL14,Control,8,0,8
A. millepora,06-Oct-21,07-Oct-21,1,AMIL15,Control,8,0,8
A. millepora,06-Oct-21,07-Oct-21,1,AMIL16,Control,8,0,8
A. millepora,06-Oct-21,07-Oct-21,1,AMIL17,Control,8,0,8
A. millepora,06-Oct-21,07-Oct-21,1,AMIL18,Control,8,0,8
A. millepora,06-Oct-21,07-Oct-21,1,AMIL19,Control,8,0,8
A. millepora,06-Oct-21,07-Oct-21,1,AMIL20,Control,8,0,8
A. millepora,06-Oct-21,07-Oct-21,1,AMIL21,Control,8,0,8
A. millepora,06-Oct-21,07-Oct-21,1,AMIL22,Control,8,0,8
A. millepora,06-Oct-21,07-Oct-21,1,AMIL23,Control,8,0,8
A. millepora,06-Oct-21,07-Oct-21,1,AMIL24,Control,8,0,8
A. millepora,06-Oct-21,07-Oct-21,1,AMIL25,Control,8,0,8
A. millepora,06-Oct-21,07-Oct-21,1,AMIL26,Control,8,0,8
A. millepora,06-Oct-21,07-Oct-21,1,AMIL27,Control,8,0,8
A. millepora,06-Oct-21,07-Oct-21,1,AMIL28,Control,8,0,8
A. millepora,06-Oct-21,07-Oct-21,1,AMIL29,Control,8,0,8
A. millepora,06-Oct-21,07-Oct-21,1,AMIL30,Control,8,0,8
A. millepora,06-Oct-21,07-Oct-21,1,AMIL01,Heat-stressed,8,0,8
A. millepora,06-Oct-21,07-Oct-21,1,AMIL02,Heat-stressed,8,0,8
A. millepora,06-Oct-21,07-Oct-21,1,AMIL03,Heat-stressed,8,0,8
A. millepora,06-Oct-21,07-Oct-21,1,AMIL04,Heat-stressed,8,0,8
A. millepora,06-Oct-21,07-Oct-21,1,AMIL05,Heat-stressed,8,0,8
A. millepora,06-Oct-21,07-Oct-21,1,AMIL06,Heat-stressed,8,0,8
A. millepora,06-Oct-21,07-Oct-21,1,AMIL07,Heat-stressed,8,0,8
A. millepora,06-Oct-21,07-Oct-21,1,AMIL08,Heat-stressed,8,0,8
A. millepora,06-Oct-21,07-Oct-21,1,AMIL09,Heat-stressed,8,0,8
A. millepora,06-Oct-21,07-Oct-21,1,AMIL10,Heat-stressed,8,0,8
A. millepora,06-Oct-21,07-Oct-21,1,AMIL11,Heat-stressed,8,0,8
A. millepora,06-Oct-21,07-Oct-21,1,AMIL12,Heat-stressed,8,0,8
A. millepora,06-Oct-21,07-Oct-21,1,AMIL13,Heat-stressed,8,0,8
A. millepora,06-Oct-21,07-Oct-21,1,AMIL14,Heat-stressed,8,0,8
A. millepora,06-Oct-21,07-Oct-21,1,AMIL15,Heat-stressed,8,0,8
A. millepora,06-Oct-21,07-Oct-21,1,AMIL16,Heat-stressed,8,0,8
A. millepora,06-Oct-21,07-Oct-21,1,AMIL17,Heat-stressed,8,0,8
A. millepora,06-Oct-21,07-Oct-21,1,AMIL18,Heat-stressed,8,0,8
A. millepora,06-Oct-21,07-Oct-21,1,AMIL19,Heat-stressed,8,0,8
A. millepora,06-Oct-21,07-Oct-21,1,AMIL20,Heat-stressed,8,0,8
A. millepora,06-Oct-21,07-Oct-21,1,AMIL21,Heat-stressed,8,0,8
A. millepora,06-Oct-21,07-Oct-21,1,AMIL22,Heat-stressed,8,0,8
A. millepora,06-Oct-21,07-Oct-21,1,AMIL23,Heat-stressed,8,0,8
A. millepora,06-Oct-21,07-Oct-21,1,AMIL24,Heat-stressed,8,0,8
A. millepora,06-Oct-21,07-Oct-21,1,AMIL25,Heat-stressed,8,0,8
A. millepora,06-Oct-21,07-Oct-21,1,AMIL26,Heat-stressed,8,0,8
A. millepora,06-Oct-21,07-Oct-21,1,AMIL27,Heat-stressed,8,0,8
A. millepora,06-Oct-21,07-Oct-21,1,AMIL28,Heat-stressed,8,0,8
A. millepora,06-Oct-21,07-Oct-21,1,AMIL29,Heat-stressed,8,0,8
A. millepora,06-Oct-21,07-Oct-21,1,AMIL30,Heat-stressed,8,0,8
A. millepora,06-Oct-21,08-Oct-21,2,AMIL01,Control,8,0,8
A. millepora,06-Oct-21,08-Oct-21,2,AMIL02,Control,8,0,8
A. millepora,06-Oct-21,08-Oct-21,2,AMIL03,Control,8,0,8
A. millepora,06-Oct-21,08-Oct-21,2,AMIL04,Control,8,0,8
A. millepora,06-Oct-21,08-Oct-21,2,AMIL05,Control,8,0,8
A. millepora,06-Oct-21,08-Oct-21,2,AMIL06,Control,8,0,8
A. millepora,06-Oct-21,08-Oct-21,2,AMIL07,Control,8,0,8
A. millepora,06-Oct-21,08-Oct-21,2,AMIL08,Control,8,0,8
A. millepora,06-Oct-21,08-Oct-21,2,AMIL09,Control,8,0,8
A. millepora,06-Oct-21,08-Oct-21,2,AMIL10,Control,8,0,8
A. millepora,06-Oct-21,08-Oct-21,2,AMIL11,Control,8,0,8
A. millepora,06-Oct-21,08-Oct-21,2,AMIL12,Control,8,0,8
A. millepora,06-Oct-21,08-Oct-21,2,AMIL13,Control,8,0,8
A. millepora,06-Oct-21,08-Oct-21,2,AMIL14,Control,8,0,8
A. millepora,06-Oct-21,08-Oct-21,2,AMIL15,Control,8,0,8
A. millepora,06-Oct-21,08-Oct-21,2,AMIL16,Control,8,0,8
A. millepora,06-Oct-21,08-Oct-21,2,AMIL17,Control,8,0,8
A. millepora,06-Oct-21,08-Oct-21,2,AMIL18,Control,8,0,8
A. millepora,06-Oct-21,08-Oct-21,2,AMIL19,Control,8,0,8
A. millepora,06-Oct-21,08-Oct-21,2,AMIL20,Control,8,0,8
A. millepora,06-Oct-21,08-Oct-21,2,AMIL21,Control,8,0,8
A. millepora,06-Oct-21,08-Oct-21,2,AMIL22,Control,8,0,8
A. millepora,06-Oct-21,08-Oct-21,2,AMIL23,Control,8,0,8
A. millepora,06-Oct-21,08-Oct-21,2,AMIL24,Control,8,0,8
A. millepora,06-Oct-21,08-Oct-21,2,AMIL25,Control,8,0,8
A. millepora,06-Oct-21,08-Oct-21,2,AMIL26,Control,8,0,8
A. millepora,06-Oct-21,08-Oct-21,2,AMIL27,Control,8,0,8
A. millepora,06-Oct-21,08-Oct-21,2,AMIL28,Control,8,0,8
A. millepora,06-Oct-21,08-Oct-21,2,AMIL29,Control,8,0,8
A. millepora,06-Oct-21,08-Oct-21,2,AMIL30,Control,8,0,8
A. millepora,06-Oct-21,08-Oct-21,2,AMIL01,Heat-stressed,8,0,8
A. millepora,06-Oct-21,08-Oct-21,2,AMIL02,Heat-stressed,8,0,8
A. millepora,06-Oct-21,08-Oct-21,2,AMIL03,Heat-stressed,8,0,8
A. millepora,06-Oct-21,08-Oct-21,2,AMIL04,Heat-stressed,8,0,8
A. millepora,06-Oct-21,08-Oct-21,2,AMIL05,Heat-stressed,8,0,8
A. millepora,06-Oct-21,08-Oct-21,2,AMIL06,Heat-stressed,8,0,8
A. millepora,06-Oct-21,08-Oct-21,2,AMIL07,Heat-stressed,8,0,8
A. millepora,06-Oct-21,08-Oct-21,2,AMIL08,Heat-stressed,8,0,8
A. millepora,06-Oct-21,08-Oct-21,2,AMIL09,Heat-stressed,8,0,8
A. millepora,06-Oct-21,08-Oct-21,2,AMIL10,Heat-stressed,8,0,8
A. millepora,06-Oct-21,08-Oct-21,2,AMIL11,Heat-stressed,8,0,8
A. millepora,06-Oct-21,08-Oct-21,2,AMIL12,Heat-stressed,8,0,8
A. millepora,06-Oct-21,08-Oct-21,2,AMIL13,Heat-stressed,8,0,8
A. millepora,06-Oct-21,08-Oct-21,2,AMIL14,Heat-stressed,8,0,8
A. millepora,06-Oct-21,08-Oct-21,2,AMIL15,Heat-stressed,8,0,8
A. millepora,06-Oct-21,08-Oct-21,2,AMIL16,Heat-stressed,8,0,8
A. millepora,06-Oct-21,08-Oct-21,2,AMIL17,Heat-stressed,8,0,8
A. millepora,06-Oct-21,08-Oct-21,2,AMIL18,Heat-stressed,8,0,8
A. millepora,06-Oct-21,08-Oct-21,2,AMIL19,Heat-stressed,8,0,8
A. millepora,06-Oct-21,08-Oct-21,2,AMIL20,Heat-stressed,8,0,8
A. millepora,06-Oct-21,08-Oct-21,2,AMIL21,Heat-stressed,8,0,8
A. millepora,06-Oct-21,08-Oct-21,2,AMIL22,Heat-stressed,8,0,8
A. millepora,06-Oct-21,08-Oct-21,2,AMIL23,Heat-stressed,8,0,8
A. millepora,06-Oct-21,08-Oct-21,2,AMIL24,Heat-stressed,8,0,8
A. millepora,06-Oct-21,08-Oct-21,2,AMIL25,Heat-stressed,8,0,8
A. millepora,06-Oct-21,08-Oct-21,2,AMIL26,Heat-stressed,8,0,8
A. millepora,06-Oct-21,08-Oct-21,2,AMIL27,Heat-stressed,8,0,8
A. millepora,06-Oct-21,08-Oct-21,2,AMIL28,Heat-stressed,8,0,8
A. millepora,06-Oct-21,08-Oct-21,2,AMIL29,Heat-stressed,8,0,8
A. millepora,06-Oct-21,08-Oct-21,2,AMIL30,Heat-stressed,8,0,8
A. millepora,06-Oct-21,09-Oct-21,3,AMIL01,Control,8,0,8
A. millepora,06-Oct-21,09-Oct-21,3,AMIL02,Control,8,0,8
A. millepora,06-Oct-21,09-Oct-21,3,AMIL03,Control,8,0,8
A. millepora,06-Oct-21,09-Oct-21,3,AMIL04,Control,8,0,8
A. millepora,06-Oct-21,09-Oct-21,3,AMIL05,Control,8,0,8
A. millepora,06-Oct-21,09-Oct-21,3,AMIL06,Control,8,0,8
A. millepora,06-Oct-21,09-Oct-21,3,AMIL07,Control,8,0,8
A. millepora,06-Oct-21,09-Oct-21,3,AMIL08,Control,8,0,8
A. millepora,06-Oct-21,09-Oct-21,3,AMIL09,Control,8,0,8
A. millepora,06-Oct-21,09-Oct-21,3,AMIL10,Control,8,0,8
A. millepora,06-Oct-21,09-Oct-21,3,AMIL11,Control,8,0,8
A. millepora,06-Oct-21,09-Oct-21,3,AMIL12,Control,8,0,8
A. millepora,06-Oct-21,09-Oct-21,3,AMIL13,Control,8,0,8
A. millepora,06-Oct-21,09-Oct-21,3,AMIL14,Control,8,0,8
A. millepora,06-Oct-21,09-Oct-21,3,AMIL15,Control,8,0,8
A. millepora,06-Oct-21,09-Oct-21,3,AMIL16,Control,8,0,8
A. millepora,06-Oct-21,09-Oct-21,3,AMIL17,Control,8,0,8
A. millepora,06-Oct-21,09-Oct-21,3,AMIL18,Control,8,0,8
A. millepora,06-Oct-21,09-Oct-21,3,AMIL19,Control,8,0,8
A. millepora,06-Oct-21,09-Oct-21,3,AMIL20,Control,8,0,8
A. millepora,06-Oct-21,09-Oct-21,3,AMIL21,Control,8,0,8
A. millepora,06-Oct-21,09-Oct-21,3,AMIL22,Control,8,0,8
A. millepora,06-Oct-21,09-Oct-21,3,AMIL23,Control,8,0,8
A. millepora,06-Oct-21,09-Oct-21,3,AMIL24,Control,8,0,8
A. millepora,06-Oct-21,09-Oct-21,3,AMIL25,Control,8,0,8
A. millepora,06-Oct-21,09-Oct-21,3,AMIL26,Control,8,0,8
A. millepora,06-Oct-21,09-Oct-21,3,AMIL27,Control,8,0,8
A. millepora,06-Oct-21,09-Oct-21,3,AMIL28,Control,8,0,8
A. millepora,06-Oct-21,09-Oct-21,3,AMIL29,Control,8,0,8
A. millepora,06-Oct-21,09-Oct-21,3,AMIL30,Control,8,0,8
A. millepora,06-Oct-21,09-Oct-21,3,AMIL01,Heat-stressed,8,0,8
A. millepora,06-Oct-21,09-Oct-21,3,AMIL02,Heat-stressed,8,0,8
A. millepora,06-Oct-21,09-Oct-21,3,AMIL03,Heat-stressed,8,0,8
A. millepora,06-Oct-21,09-Oct-21,3,AMIL04,Heat-stressed,8,0,8
A. millepora,06-Oct-21,09-Oct-21,3,AMIL05,Heat-stressed,8,0,8
A. millepora,06-Oct-21,09-Oct-21,3,AMIL06,Heat-stressed,8,0,8
A. millepora,06-Oct-21,09-Oct-21,3,AMIL07,Heat-stressed,8,0,8
A. millepora,06-Oct-21,09-Oct-21,3,AMIL08,Heat-stressed,8,0,8
A. millepora,06-Oct-21,09-Oct-21,3,AMIL09,Heat-stressed,8,0,8
A. millepora,06-Oct-21,09-Oct-21,3,AMIL10,Heat-stressed,8,0,8
A. millepora,06-Oct-21,09-Oct-21,3,AMIL11,Heat-stressed,8,0,8
A. millepora,06-Oct-21,09-Oct-21,3,AMIL12,Heat-stressed,8,0,8
A. millepora,06-Oct-21,09-Oct-21,3,AMIL13,Heat-stressed,8,0,8
A. millepora,06-Oct-21,09-Oct-21,3,AMIL14,Heat-stressed,8,0,8
A. millepora,06-Oct-21,09-Oct-21,3,AMIL15,Heat-stressed,8,0,8
A. millepora,06-Oct-21,09-Oct-21,3,AMIL16,Heat-stressed,8,0,8
A. millepora,06-Oct-21,09-Oct-21,3,AMIL17,Heat-stressed,8,0,8
A. millepora,06-Oct-21,09-Oct-21,3,AMIL18,Heat-stressed,8,0,8
A. millepora,06-Oct-21,09-Oct-21,3,AMIL19,Heat-stressed,8,0,8
A. millepora,06-Oct-21,09-Oct-21,3,AMIL20,Heat-stressed,8,0,8
A. millepora,06-Oct-21,09-Oct-21,3,AMIL21,Heat-stressed,8,0,8
A. millepora,06-Oct-21,09-Oct-21,3,AMIL22,Heat-stressed,8,0,8
A. millepora,06-Oct-21,09-Oct-21,3,AMIL23,Heat-stressed,8,0,8
A. millepora,06-Oct-21,09-Oct-21,3,AMIL24,Heat-stressed,8,0,8
A. millepora,06-Oct-21,09-Oct-21,3,AMIL25,Heat-stressed,8,0,8
A. millepora,06-Oct-21,09-Oct-21,3,AMIL26,Heat-stressed,8,0,8
A. millepora,06-Oct-21,09-Oct-21,3,AMIL27,Heat-stressed,8,0,8
A. millepora,06-Oct-21,09-Oct-21,3,AMIL28,Heat-stressed,8,0,8
A. millepora,06-Oct-21,09-Oct-21,3,AMIL29,Heat-stressed,8,0,8
A. millepora,06-Oct-21,09-Oct-21,3,AMIL30,Heat-stressed,8,0,8
A. millepora,06-Oct-21,10-Oct-21,4,AMIL01,Control,8,0,8
A. millepora,06-Oct-21,10-Oct-21,4,AMIL02,Control,8,0,8
A. millepora,06-Oct-21,10-Oct-21,4,AMIL03,Control,8,0,8
A. millepora,06-Oct-21,10-Oct-21,4,AMIL04,Control,8,0,8
A. millepora,06-Oct-21,10-Oct-21,4,AMIL05,Control,8,0,8
A. millepora,06-Oct-21,10-Oct-21,4,AMIL06,Control,8,0,8
A. millepora,06-Oct-21,10-Oct-21,4,AMIL07,Control,8,0,8
A. millepora,06-Oct-21,10-Oct-21,4,AMIL08,Control,8,0,8
A. millepora,06-Oct-21,10-Oct-21,4,AMIL09,Control,8,0,8
A. millepora,06-Oct-21,10-Oct-21,4,AMIL10,Control,8,0,8
A. millepora,06-Oct-21,10-Oct-21,4,AMIL11,Control,8,0,8
A. millepora,06-Oct-21,10-Oct-21,4,AMIL12,Control,8,0,8
A. millepora,06-Oct-21,10-Oct-21,4,AMIL13,Control,8,0,8
A. millepora,06-Oct-21,10-Oct-21,4,AMIL14,Control,8,0,8
A. millepora,06-Oct-21,10-Oct-21,4,AMIL15,Control,8,0,8
A. millepora,06-Oct-21,10-Oct-21,4,AMIL16,Control,8,0,8
A. millepora,06-Oct-21,10-Oct-21,4,AMIL17,Control,8,0,8
A. millepora,06-Oct-21,10-Oct-21,4,AMIL18,Control,8,0,8
A. millepora,06-Oct-21,10-Oct-21,4,AMIL19,Control,8,0,8
A. millepora,06-Oct-21,10-Oct-21,4,AMIL20,Control,8,0,8
A. millepora,06-Oct-21,10-Oct-21,4,AMIL21,Control,8,0,8
A. millepora,06-Oct-21,10-Oct-21,4,AMIL22,Control,8,0,8
A. millepora,06-Oct-21,10-Oct-21,4,AMIL23,Control,8,0,8
A. millepora,06-Oct-21,10-Oct-21,4,AMIL24,Control,8,0,8
A. millepora,06-Oct-21,10-Oct-21,4,AMIL25,Control,8,0,8
A. millepora,06-Oct-21,10-Oct-21,4,AMIL26,Control,8,0,8
A. millepora,06-Oct-21,10-Oct-21,4,AMIL27,Control,8,0,8
A. millepora,06-Oct-21,10-Oct-21,4,AMIL28,Control,8,0,8
A. millepora,06-Oct-21,10-Oct-21,4,AMIL29,Control,8,0,8
A. millepora,06-Oct-21,10-Oct-21,4,AMIL30,Control,8,0,8
A. millepora,06-Oct-21,10-Oct-21,4,AMIL01,Heat-stressed,8,0,8
A. millepora,06-Oct-21,10-Oct-21,4,AMIL02,Heat-stressed,8,0,8
A. millepora,06-Oct-21,10-Oct-21,4,AMIL03,Heat-stressed,8,0,8
A. millepora,06-Oct-21,10-Oct-21,4,AMIL04,Heat-stressed,8,0,8
A. millepora,06-Oct-21,10-Oct-21,4,AMIL05,Heat-stressed,8,0,8
A. millepora,06-Oct-21,10-Oct-21,4,AMIL06,Heat-stressed,8,0,8
A. millepora,06-Oct-21,10-Oct-21,4,AMIL07,Heat-stressed,8,0,8
A. millepora,06-Oct-21,10-Oct-21,4,AMIL08,Heat-stressed,8,0,8
A. millepora,06-Oct-21,10-Oct-21,4,AMIL09,Heat-stressed,8,0,8
A. millepora,06-Oct-21,10-Oct-21,4,AMIL10,Heat-stressed,8,0,8
A. millepora,06-Oct-21,10-Oct-21,4,AMIL11,Heat-stressed,8,0,8
A. millepora,06-Oct-21,10-Oct-21,4,AMIL12,Heat-stressed,8,0,8
A. millepora,06-Oct-21,10-Oct-21,4,AMIL13,Heat-stressed,8,0,8
A. millepora,06-Oct-21,10-Oct-21,4,AMIL14,Heat-stressed,8,0,8
A. millepora,06-Oct-21,10-Oct-21,4,AMIL15,Heat-stressed,8,0,8
A. millepora,06-Oct-21,10-Oct-21,4,AMIL16,Heat-stressed,8,0,8
A. millepora,06-Oct-21,10-Oct-21,4,AMIL17,Heat-stressed,8,0,8
A. millepora,06-Oct-21,10-Oct-21,4,AMIL18,Heat-stressed,8,0,8
A. millepora,06-Oct-21,10-Oct-21,4,AMIL19,Heat-stressed,8,0,8
A. millepora,06-Oct-21,10-Oct-21,4,AMIL20,Heat-stressed,8,0,8
A. millepora,06-Oct-21,10-Oct-21,4,AMIL21,Heat-stressed,8,0,8
A. millepora,06-Oct-21,10-Oct-21,4,AMIL22,Heat-stressed,8,0,8
A. millepora,06-Oct-21,10-Oct-21,4,AMIL23,Heat-stressed,8,0,8
A. millepora,06-Oct-21,10-Oct-21,4,AMIL24,Heat-stressed,8,0,8
A. millepora,06-Oct-21,10-Oct-21,4,AMIL25,Heat-stressed,8,0,8
A. millepora,06-Oct-21,10-Oct-21,4,AMIL26,Heat-stressed,8,0,8
A. millepora,06-Oct-21,10-Oct-21,4,AMIL27,Heat-stressed,8,0,8
A. millepora,06-Oct-21,10-Oct-21,4,AMIL28,Heat-stressed,8,0,8
A. millepora,06-Oct-21,10-Oct-21,4,AMIL29,Heat-stressed,8,0,8
A. millepora,06-Oct-21,10-Oct-21,4,AMIL30,Heat-stressed,8,0,8
A. millepora,06-Oct-21,11-Oct-21,5,AMIL01,Control,8,0,8
A. millepora,06-Oct-21,11-Oct-21,5,AMIL02,Control,8,0,8
A. millepora,06-Oct-21,11-Oct-21,5,AMIL03,Control,8,0,8
A. millepora,06-Oct-21,11-Oct-21,5,AMIL04,Control,8,0,8
A. millepora,06-Oct-21,11-Oct-21,5,AMIL05,Control,8,0,8
A. millepora,06-Oct-21,11-Oct-21,5,AMIL06,Control,8,0,8
A. millepora,06-Oct-21,11-Oct-21,5,AMIL07,Control,8,0,8
A. millepora,06-Oct-21,11-Oct-21,5,AMIL08,Control,8,0,8
A. millepora,06-Oct-21,11-Oct-21,5,AMIL09,Control,8,0,8
A. millepora,06-Oct-21,11-Oct-21,5,AMIL10,Control,8,0,8
A. millepora,06-Oct-21,11-Oct-21,5,AMIL11,Control,8,0,8
A. millepora,06-Oct-21,11-Oct-21,5,AMIL12,Control,8,0,8
A. millepora,06-Oct-21,11-Oct-21,5,AMIL13,Control,8,0,8
A. millepora,06-Oct-21,11-Oct-21,5,AMIL14,Control,8,0,8
A. millepora,06-Oct-21,11-Oct-21,5,AMIL15,Control,8,0,8
A. millepora,06-Oct-21,11-Oct-21,5,AMIL16,Control,8,0,8
A. millepora,06-Oct-21,11-Oct-21,5,AMIL17,Control,8,0,8
A. millepora,06-Oct-21,11-Oct-21,5,AMIL18,Control,8,0,8
A. millepora,06-Oct-21,11-Oct-21,5,AMIL19,Control,8,0,8
A. millepora,06-Oct-21,11-Oct-21,5,AMIL20,Control,8,0,8
A. millepora,06-Oct-21,11-Oct-21,5,AMIL21,Control,8,0,8
A. millepora,06-Oct-21,11-Oct-21,5,AMIL22,Control,8,0,8
A. millepora,06-Oct-21,11-Oct-21,5,AMIL23,Control,8,0,8
A. millepora,06-Oct-21,11-Oct-21,5,AMIL24,Control,8,0,8
A. millepora,06-Oct-21,11-Oct-21,5,AMIL25,Control,8,0,8
A. millepora,06-Oct-21,11-Oct-21,5,AMIL26,Control,8,0,8
A. millepora,06-Oct-21,11-Oct-21,5,AMIL27,Control,8,0,8
A. millepora,06-Oct-21,11-Oct-21,5,AMIL28,Control,8,0,8
A. millepora,06-Oct-21,11-Oct-21,5,AMIL29,Control,8,0,8
A. millepora,06-Oct-21,11-Oct-21,5,AMIL30,Control,8,0,8
A. millepora,06-Oct-21,11-Oct-21,5,AMIL01,Heat-stressed,8,0,8
A. millepora,06-Oct-21,11-Oct-21,5,AMIL02,Heat-stressed,8,0,8
A. millepora,06-Oct-21,11-Oct-21,5,AMIL03,Heat-stressed,8,0,8
A. millepora,06-Oct-21,11-Oct-21,5,AMIL04,Heat-stressed,8,0,8
A. millepora,06-Oct-21,11-Oct-21,5,AMIL05,Heat-stressed,8,0,8
A. millepora,06-Oct-21,11-Oct-21,5,AMIL06,Heat-stressed,8,0,8
A. millepora,06-Oct-21,11-Oct-21,5,AMIL07,Heat-stressed,8,0,8
A. millepora,06-Oct-21,11-Oct-21,5,AMIL08,Heat-stressed,8,0,8
A. millepora,06-Oct-21,11-Oct-21,5,AMIL09,Heat-stressed,8,0,8
A. millepora,06-Oct-21,11-Oct-21,5,AMIL10,Heat-stressed,8,0,8
A. millepora,06-Oct-21,11-Oct-21,5,AMIL11,Heat-stressed,8,0,8
A. millepora,06-Oct-21,11-Oct-21,5,AMIL12,Heat-stressed,8,0,8
A. millepora,06-Oct-21,11-Oct-21,5,AMIL13,Heat-stressed,8,0,8
A. millepora,06-Oct-21,11-Oct-21,5,AMIL14,Heat-stressed,8,0,8
A. millepora,06-Oct-21,11-Oct-21,5,AMIL15,Heat-stressed,8,0,8
A. millepora,06-Oct-21,11-Oct-21,5,AMIL16,Heat-stressed,8,0,8
A. millepora,06-Oct-21,11-Oct-21,5,AMIL17,Heat-stressed,8,0,8
A. millepora,06-Oct-21,11-Oct-21,5,AMIL18,Heat-stressed,8,0,8
A. millepora,06-Oct-21,11-Oct-21,5,AMIL19,Heat-stressed,8,0,8
A. millepora,06-Oct-21,11-Oct-21,5,AMIL20,Heat-stressed,8,0,8
A. millepora,06-Oct-21,11-Oct-21,5,AMIL21,Heat-stressed,8,0,8
A. millepora,06-Oct-21,11-Oct-21,5,AMIL22,Heat-stressed,8,0,8
A. millepora,06-Oct-21,11-Oct-21,5,AMIL23,Heat-stressed,8,0,8
A. millepora,06-Oct-21,11-Oct-21,5,AMIL24,Heat-stressed,8,0,8
A. millepora,06-Oct-21,11-Oct-21,5,AMIL25,Heat-stressed,8,0,8
A. millepora,06-Oct-21,11-Oct-21,5,AMIL26,Heat-stressed,8,0,8
A. millepora,06-Oct-21,11-Oct-21,5,AMIL27,Heat-stressed,8,0,8
A. millepora,06-Oct-21,11-Oct-21,5,AMIL28,Heat-stressed,8,0,8
A. millepora,06-Oct-21,11-Oct-21,5,AMIL29,Heat-stressed,8,0,8
A. millepora,06-Oct-21,11-Oct-21,5,AMIL30,Heat-stressed,8,0,8
A. millepora,06-Oct-21,12-Oct-21,6,AMIL01,Control,8,0,8
A. millepora,06-Oct-21,12-Oct-21,6,AMIL02,Control,8,0,8
A. millepora,06-Oct-21,12-Oct-21,6,AMIL03,Control,8,0,8
A. millepora,06-Oct-21,12-Oct-21,6,AMIL04,Control,8,0,8
A. millepora,06-Oct-21,12-Oct-21,6,AMIL05,Control,8,0,8
A. millepora,06-Oct-21,12-Oct-21,6,AMIL06,Control,8,0,8
A. millepora,06-Oct-21,12-Oct-21,6,AMIL07,Control,8,0,8
A. millepora,06-Oct-21,12-Oct-21,6,AMIL08,Control,8,0,8
A. millepora,06-Oct-21,12-Oct-21,6,AMIL09,Control,8,0,8
A. millepora,06-Oct-21,12-Oct-21,6,AMIL10,Control,8,0,8
A. millepora,06-Oct-21,12-Oct-21,6,AMIL11,Control,8,0,8
A. millepora,06-Oct-21,12-Oct-21,6,AMIL12,Control,8,0,8
A. millepora,06-Oct-21,12-Oct-21,6,AMIL13,Control,8,0,8
A. millepora,06-Oct-21,12-Oct-21,6,AMIL14,Control,8,0,8
A. millepora,06-Oct-21,12-Oct-21,6,AMIL15,Control,8,0,8
A. millepora,06-Oct-21,12-Oct-21,6,AMIL16,Control,8,0,8
A. millepora,06-Oct-21,12-Oct-21,6,AMIL17,Control,8,0,8
A. millepora,06-Oct-21,12-Oct-21,6,AMIL18,Control,8,0,8
A. millepora,06-Oct-21,12-Oct-21,6,AMIL19,Control,8,0,8
A. millepora,06-Oct-21,12-Oct-21,6,AMIL20,Control,8,0,8
A. millepora,06-Oct-21,12-Oct-21,6,AMIL21,Control,8,0,8
A. millepora,06-Oct-21,12-Oct-21,6,AMIL22,Control,8,0,8
A. millepora,06-Oct-21,12-Oct-21,6,AMIL23,Control,8,0,8
A. millepora,06-Oct-21,12-Oct-21,6,AMIL24,Control,8,0,8
A. millepora,06-Oct-21,12-Oct-21,6,AMIL25,Control,8,0,8
A. millepora,06-Oct-21,12-Oct-21,6,AMIL26,Control,8,0,8
A. millepora,06-Oct-21,12-Oct-21,6,AMIL27,Control,8,0,8
A. millepora,06-Oct-21,12-Oct-21,6,AMIL28,Control,8,0,8
A. millepora,06-Oct-21,12-Oct-21,6,AMIL29,Control,8,0,8
A. millepora,06-Oct-21,12-Oct-21,6,AMIL30,Control,8,0,8
A. millepora,06-Oct-21,12-Oct-21,6,AMIL01,Heat-stressed,8,0,8
A. millepora,06-Oct-21,12-Oct-21,6,AMIL02,Heat-stressed,8,0,8
A. millepora,06-Oct-21,12-Oct-21,6,AMIL03,Heat-stressed,8,0,8
A. millepora,06-Oct-21,12-Oct-21,6,AMIL04,Heat-stressed,8,0,8
A. millepora,06-Oct-21,12-Oct-21,6,AMIL05,Heat-stressed,8,0,8
A. millepora,06-Oct-21,12-Oct-21,6,AMIL06,Heat-stressed,8,0,8
A. millepora,06-Oct-21,12-Oct-21,6,AMIL07,Heat-stressed,8,0,8
A. millepora,06-Oct-21,12-Oct-21,6,AMIL08,Heat-stressed,8,0,8
A. millepora,06-Oct-21,12-Oct-21,6,AMIL09,Heat-stressed,8,0,8
A. millepora,06-Oct-21,12-Oct-21,6,AMIL10,Heat-stressed,8,0,8
A. millepora,06-Oct-21,12-Oct-21,6,AMIL11,Heat-stressed,8,0,8
A. millepora,06-Oct-21,12-Oct-21,6,AMIL12,Heat-stressed,8,0,8
A. millepora,06-Oct-21,12-Oct-21,6,AMIL13,Heat-stressed,8,0,8
A. millepora,06-Oct-21,12-Oct-21,6,AMIL14,Heat-stressed,8,0,8
A. millepora,06-Oct-21,12-Oct-21,6,AMIL15,Heat-stressed,8,0,8
A. millepora,06-Oct-21,12-Oct-21,6,AMIL16,Heat-stressed,8,0,8
A. millepora,06-Oct-21,12-Oct-21,6,AMIL17,Heat-stressed,8,0,8
A. millepora,06-Oct-21,12-Oct-21,6,AMIL18,Heat-stressed,8,0,8
A. millepora,06-Oct-21,12-Oct-21,6,AMIL19,Heat-stressed,8,0,8
A. millepora,06-Oct-21,12-Oct-21,6,AMIL20,Heat-stressed,8,0,8
A. millepora,06-Oct-21,12-Oct-21,6,AMIL21,Heat-stressed,8,0,8
A. millepora,06-Oct-21,12-Oct-21,6,AMIL22,Heat-stressed,8,0,8
A. millepora,06-Oct-21,12-Oct-21,6,AMIL23,Heat-stressed,8,0,8
A. millepora,06-Oct-21,12-Oct-21,6,AMIL24,Heat-stressed,8,0,8
A. millepora,06-Oct-21,12-Oct-21,6,AMIL25,Heat-stressed,8,0,8
A. millepora,06-Oct-21,12-Oct-21,6,AMIL26,Heat-stressed,8,0,8
A. millepora,06-Oct-21,12-Oct-21,6,AMIL27,Heat-stressed,8,0,8
A. millepora,06-Oct-21,12-Oct-21,6,AMIL28,Heat-stressed,8,0,8
A. millepora,06-Oct-21,12-Oct-21,6,AMIL29,Heat-stressed,8,0,8
A. millepora,06-Oct-21,12-Oct-21,6,AMIL30,Heat-stressed,8,0,8
A. millepora,06-Oct-21,13-Oct-21,7,AMIL01,Control,8,0,8
A. millepora,06-Oct-21,13-Oct-21,7,AMIL02,Control,8,0,8
A. millepora,06-Oct-21,13-Oct-21,7,AMIL03,Control,8,0,8
A. millepora,06-Oct-21,13-Oct-21,7,AMIL04,Control,8,0,8
A. millepora,06-Oct-21,13-Oct-21,7,AMIL05,Control,8,0,8
A. millepora,06-Oct-21,13-Oct-21,7,AMIL06,Control,8,0,8
A. millepora,06-Oct-21,13-Oct-21,7,AMIL07,Control,8,0,8
A. millepora,06-Oct-21,13-Oct-21,7,AMIL08,Control,8,0,8
A. millepora,06-Oct-21,13-Oct-21,7,AMIL09,Control,8,0,8
A. millepora,06-Oct-21,13-Oct-21,7,AMIL10,Control,8,0,8
A. millepora,06-Oct-21,13-Oct-21,7,AMIL11,Control,8,0,8
A. millepora,06-Oct-21,13-Oct-21,7,AMIL12,Control,8,0,8
A. millepora,06-Oct-21,13-Oct-21,7,AMIL13,Control,8,0,8
A. millepora,06-Oct-21,13-Oct-21,7,AMIL14,Control,8,0,8
A. millepora,06-Oct-21,13-Oct-21,7,AMIL15,Control,8,0,8
A. millepora,06-Oct-21,13-Oct-21,7,AMIL16,Control,8,0,8
A. millepora,06-Oct-21,13-Oct-21,7,AMIL17,Control,8,0,8
A. millepora,06-Oct-21,13-Oct-21,7,AMIL18,Control,8,0,8
A. millepora,06-Oct-21,13-Oct-21,7,AMIL19,Control,8,0,8
A. millepora,06-Oct-21,13-Oct-21,7,AMIL20,Control,8,0,8
A. millepora,06-Oct-21,13-Oct-21,7,AMIL21,Control,8,0,8
A. millepora,06-Oct-21,13-Oct-21,7,AMIL22,Control,8,0,8
A. millepora,06-Oct-21,13-Oct-21,7,AMIL23,Control,8,0,8
A. millepora,06-Oct-21,13-Oct-21,7,AMIL24,Control,8,0,8
A. millepora,06-Oct-21,13-Oct-21,7,AMIL25,Control,8,0,8
A. millepora,06-Oct-21,13-Oct-21,7,AMIL26,Control,8,0,8
A. millepora,06-Oct-21,13-Oct-21,7,AMIL27,Control,8,0,8
A. millepora,06-Oct-21,13-Oct-21,7,AMIL28,Control,8,0,8
A. millepora,06-Oct-21,13-Oct-21,7,AMIL29,Control,8,0,8
A. millepora,06-Oct-21,13-Oct-21,7,AMIL30,Control,8,0,8
A. millepora,06-Oct-21,13-Oct-21,7,AMIL01,Heat-stressed,8,0,8
A. millepora,06-Oct-21,13-Oct-21,7,AMIL02,Heat-stressed,8,0,8
A. millepora,06-Oct-21,13-Oct-21,7,AMIL03,Heat-stressed,8,0,8
A. millepora,06-Oct-21,13-Oct-21,7,AMIL04,Heat-stressed,8,0,8
A. millepora,06-Oct-21,13-Oct-21,7,AMIL05,Heat-stressed,8,0,8
A. millepora,06-Oct-21,13-Oct-21,7,AMIL06,Heat-stressed,8,0,8
A. millepora,06-Oct-21,13-Oct-21,7,AMIL07,Heat-stressed,8,0,8
A. millepora,06-Oct-21,13-Oct-21,7,AMIL08,Heat-stressed,8,0,8
A. millepora,06-Oct-21,13-Oct-21,7,AMIL09,Heat-stressed,8,0,8
A. millepora,06-Oct-21,13-Oct-21,7,AMIL10,Heat-stressed,8,0,8
A. millepora,06-Oct-21,13-Oct-21,7,AMIL11,Heat-stressed,8,1,7
A. millepora,06-Oct-21,13-Oct-21,7,AMIL12,Heat-stressed,8,0,8
A. millepora,06-Oct-21,13-Oct-21,7,AMIL13,Heat-stressed,8,0,8
A. millepora,06-Oct-21,13-Oct-21,7,AMIL14,Heat-stressed,8,0,8
A. millepora,06-Oct-21,13-Oct-21,7,AMIL15,Heat-stressed,8,0,8
A. millepora,06-Oct-21,13-Oct-21,7,AMIL16,Heat-stressed,8,0,8
A. millepora,06-Oct-21,13-Oct-21,7,AMIL17,Heat-stressed,8,0,8
A. millepora,06-Oct-21,13-Oct-21,7,AMIL18,Heat-stressed,8,0,8
A. millepora,06-Oct-21,13-Oct-21,7,AMIL19,Heat-stressed,8,0,8
A. millepora,06-Oct-21,13-Oct-21,7,AMIL20,Heat-stressed,8,0,8
A. millepora,06-Oct-21,13-Oct-21,7,AMIL21,Heat-stressed,8,0,8
A. millepora,06-Oct-21,13-Oct-21,7,AMIL22,Heat-stressed,8,0,8
A. millepora,06-Oct-21,13-Oct-21,7,AMIL23,Heat-stressed,8,0,8
A. millepora,06-Oct-21,13-Oct-21,7,AMIL24,Heat-stressed,8,0,8
A. millepora,06-Oct-21,13-Oct-21,7,AMIL25,Heat-stressed,8,0,8
A. millepora,06-Oct-21,13-Oct-21,7,AMIL26,Heat-stressed,8,0,8
A. millepora,06-Oct-21,13-Oct-21,7,AMIL27,Heat-stressed,8,0,8
A. millepora,06-Oct-21,13-Oct-21,7,AMIL28,Heat-stressed,8,0,8
A. millepora,06-Oct-21,13-Oct-21,7,AMIL29,Heat-stressed,8,0,8
A. millepora,06-Oct-21,13-Oct-21,7,AMIL30,Heat-stressed,8,0,8
A. millepora,06-Oct-21,14-Oct-21,8,AMIL01,Control,8,0,8
A. millepora,06-Oct-21,14-Oct-21,8,AMIL02,Control,8,0,8
A. millepora,06-Oct-21,14-Oct-21,8,AMIL03,Control,8,0,8
A. millepora,06-Oct-21,14-Oct-21,8,AMIL04,Control,8,0,8
A. millepora,06-Oct-21,14-Oct-21,8,AMIL05,Control,8,0,8
A. millepora,06-Oct-21,14-Oct-21,8,AMIL06,Control,8,0,8
A. millepora,06-Oct-21,14-Oct-21,8,AMIL07,Control,8,0,8
A. millepora,06-Oct-21,14-Oct-21,8,AMIL08,Control,8,0,8
A. millepora,06-Oct-21,14-Oct-21,8,AMIL09,Control,8,0,8
A. millepora,06-Oct-21,14-Oct-21,8,AMIL10,Control,8,0,8
A. millepora,06-Oct-21,14-Oct-21,8,AMIL11,Control,8,0,8
A. millepora,06-Oct-21,14-Oct-21,8,AMIL12,Control,8,0,8
A. millepora,06-Oct-21,14-Oct-21,8,AMIL13,Control,8,0,8
A. millepora,06-Oct-21,14-Oct-21,8,AMIL14,Control,8,0,8
A. millepora,06-Oct-21,14-Oct-21,8,AMIL15,Control,8,0,8
A. millepora,06-Oct-21,14-Oct-21,8,AMIL16,Control,8,0,8
A. millepora,06-Oct-21,14-Oct-21,8,AMIL17,Control,8,0,8
A. millepora,06-Oct-21,14-Oct-21,8,AMIL18,Control,8,0,8
A. millepora,06-Oct-21,14-Oct-21,8,AMIL19,Control,8,0,8
A. millepora,06-Oct-21,14-Oct-21,8,AMIL20,Control,8,0,8
A. millepora,06-Oct-21,14-Oct-21,8,AMIL21,Control,8,0,8
A. millepora,06-Oct-21,14-Oct-21,8,AMIL22,Control,8,0,8
A. millepora,06-Oct-21,14-Oct-21,8,AMIL23,Control,8,0,8
A. millepora,06-Oct-21,14-Oct-21,8,AMIL24,Control,8,0,8
A. millepora,06-Oct-21,14-Oct-21,8,AMIL25,Control,8,0,8
A. millepora,06-Oct-21,14-Oct-21,8,AMIL26,Control,8,0,8
A. millepora,06-Oct-21,14-Oct-21,8,AMIL27,Control,8,0,8
A. millepora,06-Oct-21,14-Oct-21,8,AMIL28,Control,8,0,8
A. millepora,06-Oct-21,14-Oct-21,8,AMIL29,Control,8,0,8
A. millepora,06-Oct-21,14-Oct-21,8,AMIL30,Control,8,0,8
A. millepora,06-Oct-21,14-Oct-21,8,AMIL01,Heat-stressed,8,0,8
A. millepora,06-Oct-21,14-Oct-21,8,AMIL02,Heat-stressed,8,0,8
A. millepora,06-Oct-21,14-Oct-21,8,AMIL03,Heat-stressed,8,0,8
A. millepora,06-Oct-21,14-Oct-21,8,AMIL04,Heat-stressed,8,0,8
A. millepora,06-Oct-21,14-Oct-21,8,AMIL05,Heat-stressed,8,0,8
A. millepora,06-Oct-21,14-Oct-21,8,AMIL06,Heat-stressed,8,1,7
A. millepora,06-Oct-21,14-Oct-21,8,AMIL07,Heat-stressed,8,0,8
A. millepora,06-Oct-21,14-Oct-21,8,AMIL08,Heat-stressed,8,0,8
A. millepora,06-Oct-21,14-Oct-21,8,AMIL09,Heat-stressed,8,0,8
A. millepora,06-Oct-21,14-Oct-21,8,AMIL10,Heat-stressed,8,0,8
A. millepora,06-Oct-21,14-Oct-21,8,AMIL11,Heat-stressed,8,4,4
A. millepora,06-Oct-21,14-Oct-21,8,AMIL12,Heat-stressed,8,0,8
A. millepora,06-Oct-21,14-Oct-21,8,AMIL13,Heat-stressed,8,0,8
A. millepora,06-Oct-21,14-Oct-21,8,AMIL14,Heat-stressed,8,0,8
A. millepora,06-Oct-21,14-Oct-21,8,AMIL15,Heat-stressed,8,0,8
A. millepora,06-Oct-21,14-Oct-21,8,AMIL16,Heat-stressed,8,0,8
A. millepora,06-Oct-21,14-Oct-21,8,AMIL17,Heat-stressed,8,0,8
A. millepora,06-Oct-21,14-Oct-21,8,AMIL18,Heat-stressed,8,0,8
A. millepora,06-Oct-21,14-Oct-21,8,AMIL19,Heat-stressed,8,0,8
A. millepora,06-Oct-21,14-Oct-21,8,AMIL20,Heat-stressed,8,0,8
A. millepora,06-Oct-21,14-Oct-21,8,AMIL21,Heat-stressed,8,0,8
A. millepora,06-Oct-21,14-Oct-21,8,AMIL22,Heat-stressed,8,0,8
A. millepora,06-Oct-21,14-Oct-21,8,AMIL23,Heat-stressed,8,0,8
A. millepora,06-Oct-21,14-Oct-21,8,AMIL24,Heat-stressed,8,0,8
A. millepora,06-Oct-21,14-Oct-21,8,AMIL25,Heat-stressed,8,0,8
A. millepora,06-Oct-21,14-Oct-21,8,AMIL26,Heat-stressed,8,0,8
A. millepora,06-Oct-21,14-Oct-21,8,AMIL27,Heat-stressed,8,1,7
A. millepora,06-Oct-21,14-Oct-21,8,AMIL28,Heat-stressed,8,0,8
A. millepora,06-Oct-21,14-Oct-21,8,AMIL29,Heat-stressed,8,0,8
A. millepora,06-Oct-21,14-Oct-21,8,AMIL30,Heat-stressed,8,0,8
A. millepora,06-Oct-21,15-Oct-21,9,AMIL01,Control,8,0,8
A. millepora,06-Oct-21,15-Oct-21,9,AMIL02,Control,8,0,8
A. millepora,06-Oct-21,15-Oct-21,9,AMIL03,Control,8,0,8
A. millepora,06-Oct-21,15-Oct-21,9,AMIL04,Control,8,0,8
A. millepora,06-Oct-21,15-Oct-21,9,AMIL05,Control,8,0,8
A. millepora,06-Oct-21,15-Oct-21,9,AMIL06,Control,8,0,8
A. millepora,06-Oct-21,15-Oct-21,9,AMIL07,Control,8,0,8
A. millepora,06-Oct-21,15-Oct-21,9,AMIL08,Control,8,0,8
A. millepora,06-Oct-21,15-Oct-21,9,AMIL09,Control,8,0,8
A. millepora,06-Oct-21,15-Oct-21,9,AMIL10,Control,8,0,8
A. millepora,06-Oct-21,15-Oct-21,9,AMIL11,Control,8,0,8
A. millepora,06-Oct-21,15-Oct-21,9,AMIL12,Control,8,0,8
A. millepora,06-Oct-21,15-Oct-21,9,AMIL13,Control,8,0,8
A. millepora,06-Oct-21,15-Oct-21,9,AMIL14,Control,8,0,8
A. millepora,06-Oct-21,15-Oct-21,9,AMIL15,Control,8,0,8
A. millepora,06-Oct-21,15-Oct-21,9,AMIL16,Control,8,0,8
A. millepora,06-Oct-21,15-Oct-21,9,AMIL17,Control,8,0,8
A. millepora,06-Oct-21,15-Oct-21,9,AMIL18,Control,8,0,8
A. millepora,06-Oct-21,15-Oct-21,9,AMIL19,Control,8,0,8
A. millepora,06-Oct-21,15-Oct-21,9,AMIL20,Control,8,0,8
A. millepora,06-Oct-21,15-Oct-21,9,AMIL21,Control,8,0,8
A. millepora,06-Oct-21,15-Oct-21,9,AMIL22,Control,8,0,8
A. millepora,06-Oct-21,15-Oct-21,9,AMIL23,Control,8,0,8
A. millepora,06-Oct-21,15-Oct-21,9,AMIL24,Control,8,0,8
A. millepora,06-Oct-21,15-Oct-21,9,AMIL25,Control,8,0,8
A. millepora,06-Oct-21,15-Oct-21,9,AMIL26,Control,8,0,8
A. millepora,06-Oct-21,15-Oct-21,9,AMIL27,Control,8,0,8
A. millepora,06-Oct-21,15-Oct-21,9,AMIL28,Control,8,0,8
A. millepora,06-Oct-21,15-Oct-21,9,AMIL29,Control,8,0,8
A. millepora,06-Oct-21,15-Oct-21,9,AMIL30,Control,8,0,8
A. millepora,06-Oct-21,15-Oct-21,9,AMIL01,Heat-stressed,8,0,8
A. millepora,06-Oct-21,15-Oct-21,9,AMIL02,Heat-stressed,8,0,8
A. millepora,06-Oct-21,15-Oct-21,9,AMIL03,Heat-stressed,8,0,8
A. millepora,06-Oct-21,15-Oct-21,9,AMIL04,Heat-stressed,8,0,8
A. millepora,06-Oct-21,15-Oct-21,9,AMIL05,Heat-stressed,8,2,6
A. millepora,06-Oct-21,15-Oct-21,9,AMIL06,Heat-stressed,8,2,6
A. millepora,06-Oct-21,15-Oct-21,9,AMIL07,Heat-stressed,8,0,8
A. millepora,06-Oct-21,15-Oct-21,9,AMIL08,Heat-stressed,8,0,8
A. millepora,06-Oct-21,15-Oct-21,9,AMIL09,Heat-stressed,8,0,8
A. millepora,06-Oct-21,15-Oct-21,9,AMIL10,Heat-stressed,8,2,6
A. millepora,06-Oct-21,15-Oct-21,9,AMIL11,Heat-stressed,8,4,4
A. millepora,06-Oct-21,15-Oct-21,9,AMIL12,Heat-stressed,8,0,8
A. millepora,06-Oct-21,15-Oct-21,9,AMIL13,Heat-stressed,8,1,7
A. millepora,06-Oct-21,15-Oct-21,9,AMIL14,Heat-stressed,8,0,8
A. millepora,06-Oct-21,15-Oct-21,9,AMIL15,Heat-stressed,8,0,8
A. millepora,06-Oct-21,15-Oct-21,9,AMIL16,Heat-stressed,8,0,8
A. millepora,06-Oct-21,15-Oct-21,9,AMIL17,Heat-stressed,8,0,8
A. millepora,06-Oct-21,15-Oct-21,9,AMIL18,Heat-stressed,8,0,8
A. millepora,06-Oct-21,15-Oct-21,9,AMIL19,Heat-stressed,8,0,8
A. millepora,06-Oct-21,15-Oct-21,9,AMIL20,Heat-stressed,8,1,7
A. millepora,06-Oct-21,15-Oct-21,9,AMIL21,Heat-stressed,8,0,8
A. millepora,06-Oct-21,15-Oct-21,9,AMIL22,Heat-stressed,8,0,8
A. millepora,06-Oct-21,15-Oct-21,9,AMIL23,Heat-stressed,8,0,8
A. millepora,06-Oct-21,15-Oct-21,9,AMIL24,Heat-stressed,8,0,8
A. millepora,06-Oct-21,15-Oct-21,9,AMIL25,Heat-stressed,8,1,7
A. millepora,06-Oct-21,15-Oct-21,9,AMIL26,Heat-stressed,8,0,8
A. millepora,06-Oct-21,15-Oct-21,9,AMIL27,Heat-stressed,8,2,6
A. millepora,06-Oct-21,15-Oct-21,9,AMIL28,Heat-stressed,8,1,7
A. millepora,06-Oct-21,15-Oct-21,9,AMIL29,Heat-stressed,8,0,8
A. millepora,06-Oct-21,15-Oct-21,9,AMIL30,Heat-stressed,8,0,8
A. millepora,06-Oct-21,16-Oct-21,10,AMIL01,Control,8,0,8
A. millepora,06-Oct-21,16-Oct-21,10,AMIL02,Control,8,0,8
A. millepora,06-Oct-21,16-Oct-21,10,AMIL03,Control,8,0,8
A. millepora,06-Oct-21,16-Oct-21,10,AMIL04,Control,8,0,8
A. millepora,06-Oct-21,16-Oct-21,10,AMIL05,Control,8,0,8
A. millepora,06-Oct-21,16-Oct-21,10,AMIL06,Control,8,0,8
A. millepora,06-Oct-21,16-Oct-21,10,AMIL07,Control,8,0,8
A. millepora,06-Oct-21,16-Oct-21,10,AMIL08,Control,8,0,8
A. millepora,06-Oct-21,16-Oct-21,10,AMIL09,Control,8,0,8
A. millepora,06-Oct-21,16-Oct-21,10,AMIL10,Control,8,0,8
A. millepora,06-Oct-21,16-Oct-21,10,AMIL11,Control,8,0,8
A. millepora,06-Oct-21,16-Oct-21,10,AMIL12,Control,8,0,8
A. millepora,06-Oct-21,16-Oct-21,10,AMIL13,Control,8,0,8
A. millepora,06-Oct-21,16-Oct-21,10,AMIL14,Control,8,0,8
A. millepora,06-Oct-21,16-Oct-21,10,AMIL15,Control,8,0,8
A. millepora,06-Oct-21,16-Oct-21,10,AMIL16,Control,8,0,8
A. millepora,06-Oct-21,16-Oct-21,10,AMIL17,Control,8,0,8
A. millepora,06-Oct-21,16-Oct-21,10,AMIL18,Control,8,0,8
A. millepora,06-Oct-21,16-Oct-21,10,AMIL19,Control,8,0,8
A. millepora,06-Oct-21,16-Oct-21,10,AMIL20,Control,8,0,8
A. millepora,06-Oct-21,16-Oct-21,10,AMIL21,Control,8,0,8
A. millepora,06-Oct-21,16-Oct-21,10,AMIL22,Control,8,0,8
A. millepora,06-Oct-21,16-Oct-21,10,AMIL23,Control,8,0,8
A. millepora,06-Oct-21,16-Oct-21,10,AMIL24,Control,8,0,8
A. millepora,06-Oct-21,16-Oct-21,10,AMIL25,Control,8,0,8
A. millepora,06-Oct-21,16-Oct-21,10,AMIL26,Control,8,0,8
A. millepora,06-Oct-21,16-Oct-21,10,AMIL27,Control,8,0,8
A. millepora,06-Oct-21,16-Oct-21,10,AMIL28,Control,8,0,8
A. millepora,06-Oct-21,16-Oct-21,10,AMIL29,Control,8,0,8
A. millepora,06-Oct-21,16-Oct-21,10,AMIL30,Control,8,0,8
A. millepora,06-Oct-21,16-Oct-21,10,AMIL01,Heat-stressed,8,0,8
A. millepora,06-Oct-21,16-Oct-21,10,AMIL02,Heat-stressed,8,1,7
A. millepora,06-Oct-21,16-Oct-21,10,AMIL03,Heat-stressed,8,0,8
A. millepora,06-Oct-21,16-Oct-21,10,AMIL04,Heat-stressed,8,0,8
A. millepora,06-Oct-21,16-Oct-21,10,AMIL05,Heat-stressed,8,3,5
A. millepora,06-Oct-21,16-Oct-21,10,AMIL06,Heat-stressed,8,3,5
A. millepora,06-Oct-21,16-Oct-21,10,AMIL07,Heat-stressed,8,1,7
A. millepora,06-Oct-21,16-Oct-21,10,AMIL08,Heat-stressed,8,0,8
A. millepora,06-Oct-21,16-Oct-21,10,AMIL09,Heat-stressed,8,0,8
A. millepora,06-Oct-21,16-Oct-21,10,AMIL10,Heat-stressed,8,4,4
A. millepora,06-Oct-21,16-Oct-21,10,AMIL11,Heat-stressed,8,5,3
A. millepora,06-Oct-21,16-Oct-21,10,AMIL12,Heat-stressed,8,4,4
A. millepora,06-Oct-21,16-Oct-21,10,AMIL13,Heat-stressed,8,1,7
A. millepora,06-Oct-21,16-Oct-21,10,AMIL14,Heat-stressed,8,0,8
A. millepora,06-Oct-21,16-Oct-21,10,AMIL15,Heat-stressed,8,0,8
A. millepora,06-Oct-21,16-Oct-21,10,AMIL16,Heat-stressed,8,0,8
A. millepora,06-Oct-21,16-Oct-21,10,AMIL17,Heat-stressed,8,0,8
A. millepora,06-Oct-21,16-Oct-21,10,AMIL18,Heat-stressed,8,0,8
A. millepora,06-Oct-21,16-Oct-21,10,AMIL19,Heat-stressed,8,0,8
A. millepora,06-Oct-21,16-Oct-21,10,AMIL20,Heat-stressed,8,3,5
A. millepora,06-Oct-21,16-Oct-21,10,AMIL21,Heat-stressed,8,0,8
A. millepora,06-Oct-21,16-Oct-21,10,AMIL22,Heat-stressed,8,1,7
A. millepora,06-Oct-21,16-Oct-21,10,AMIL23,Heat-stressed,8,3,5
A. millepora,06-Oct-21,16-Oct-21,10,AMIL24,Heat-stressed,8,0,8
A. millepora,06-Oct-21,16-Oct-21,10,AMIL25,Heat-stressed,8,2,6
A. millepora,06-Oct-21,16-Oct-21,10,AMIL26,Heat-stressed,8,0,8
A. millepora,06-Oct-21,16-Oct-21,10,AMIL27,Heat-stressed,8,6,2
A. millepora,06-Oct-21,16-Oct-21,10,AMIL28,Heat-stressed,8,1,7
A. millepora,06-Oct-21,16-Oct-21,10,AMIL29,Heat-stressed,8,0,8
A. millepora,06-Oct-21,16-Oct-21,10,AMIL30,Heat-stressed,8,1,7
