Colony ID,Tank ID,Experiment period,Treatment,Sample Mean Gray Value,Standard Mean Gray Value,Normalized mean gray value
CANA,BT1,Post-exposure,Control,122.407,200.132,61.16313233266044
CANA,BT1,Post-exposure,Control,112.619,200.125,56.27432854465959
CANA,BT2,Post-exposure,Control,166.051,206.326,80.47992012640191
CANA,BT2,Post-exposure,Control,183.652,206.521,88.92654984238891
CANA,BT3,Post-exposure,Heat-stressed,141.821,208.238,68.10524496009374
CANA,BT3,Post-exposure,Heat-stressed,116.495,208.394,55.90132153516896
CANA,BT4,Post-exposure,Heat-stressed,96.215,194.173,49.55117343811962
CANA,BT4,Post-exposure,Heat-stressed,65.424,194.53,33.63183056597954
CANA,BT5,Post-exposure,Heat-stressed,129.637,201.362,64.38007171164371
CANA,BT5,Post-exposure,Heat-stressed,107.81,202.155,53.33036531374441
CANA,BT6,Post-exposure,Control,99.626,208.703,47.735777636162396
CANA,BT6,Post-exposure,Control,116.458,208.42,55.87659533634009
CANA,BT7,Post-exposure,Heat-stressed,100.323,201.385,49.81652059488045
CANA,BT7,Post-exposure,Heat-stressed,120.396,201.56,59.73208970033737
CANA,BT8,Post-exposure,Control,117.327,201.136,58.33217325590645
CANA,BT8,Post-exposure,Control,73.693,201.346,36.6001807833282
CANB,BT1,Post-exposure,Control,147.29,217.672,67.66602962255136
CANB,BT1,Post-exposure,Control,168.326,218.42,77.0652870616244
CANB,BT2,Post-exposure,Control,98.148,204.124,48.08253806509769
CANB,BT2,Post-exposure,Control,137.489,204.017,67.39095271472476
CANB,BT3,Post-exposure,Heat-stressed,113.002,220.701,51.2013991780735
CANB,BT3,Post-exposure,Heat-stressed,142.926,220.604,64.78848978259686
CANB,BT4,Post-exposure,Heat-stressed,174.216,202.111,86.19817822879507
CANB,BT4,Post-exposure,Heat-stressed,87.93,202.597,43.40143240028234
CANB,BT5,Post-exposure,Heat-stressed,119.177,202.569,58.83279277678224
CANB,BT5,Post-exposure,Heat-stressed,126.495,202.553,62.450321644211634
CANB,BT6,Post-exposure,Control,91.691,194.101,47.23880866147006
CANB,BT6,Post-exposure,Control,112.472,193.504,58.123863072597985
CANB,BT7,Post-exposure,Heat-stressed,116.566,191.07,61.006960799706924
CANB,BT7,Post-exposure,Heat-stressed,224.896,191.085,117.69421984980507
CANB,BT8,Post-exposure,Control,163.21,207.65,78.59860341921502
CANB,BT8,Post-exposure,Control,116.687,207.998,56.10005865441015
CANC,BT1,Post-exposure,Control,125.748,203.964,61.65205624521975
CANC,BT1,Post-exposure,Control,155.531,203.685,76.35859292535042
CANC,BT2,Post-exposure,Control,134.268,202.299,66.37106461228181
CANC,BT2,Post-exposure,Control,106.222,202.774,52.3844279838638
CANC,BT3,Post-exposure,Heat-stressed,83.405,193.786,43.03974487321066
CANC,BT3,Post-exposure,Heat-stressed,90.392,194.192,46.54774656010546
CANC,BT4,Post-exposure,Heat-stressed,129.33,202.055,64.00732473831383
CANC,BT4,Post-exposure,Heat-stressed,137.265,202.906,67.6495520093048
CANC,BT5,Post-exposure,Heat-stressed,99.71,201.406,49.50696602881741
CANC,BT5,Post-exposure,Heat-stressed,100.894,200.944,50.21000875865913
CANC,BT6,Post-exposure,Control,107.679,210.771,51.0881478002192
CANC,BT6,Post-exposure,Control,103.639,211.053,49.10567487787428
CANC,BT7,Post-exposure,Heat-stressed,117.132,194.681,60.166117905702144
CANC,BT7,Post-exposure,Heat-stressed,102.764,194.759,52.7646989356076
CANC,BT8,Post-exposure,Control,137.085,212.438,64.52941564126947
CANC,BT8,Post-exposure,Control,116.088,212.49,54.63221798672878
CAND,BT1,Post-exposure,Control,107.55,199.737,53.845807236516016
CAND,BT1,Post-exposure,Control,127.734,199.834,63.920053644524955
CAND,BT2,Post-exposure,Control,141.217,217.616,64.89274685684876
CAND,BT2,Post-exposure,Control,155,217.457,71.27845964949393
CAND,BT3,Post-exposure,Heat-stressed,74.036,205.767,35.98050221852873
CAND,BT3,Post-exposure,Heat-stressed,82.226,205.058,40.09889884813077
CAND,BT4,Post-exposure,Heat-stressed,149.115,214.041,69.66655921061853
CAND,BT4,Post-exposure,Heat-stressed,88.565,214.077,41.370628325322194
CAND,BT5,Post-exposure,Heat-stressed,80.694,199.771,40.393250271560944
CAND,BT5,Post-exposure,Heat-stressed,70.724,200.427,35.28666297454934
CAND,BT6,Post-exposure,Control,59.801,200.063,29.891084308442846
CAND,BT6,Post-exposure,Control,81.378,200.296,40.62886927347526
CAND,BT7,Post-exposure,Heat-stressed,92.628,192.541,48.108195137658996
CAND,BT7,Post-exposure,Heat-stressed,74.761,192.623,38.8120837075531
CAND,BT8,Post-exposure,Control,138.817,205.72,67.47861170523042
CAND,BT8,Post-exposure,Control,89.965,206.309,43.60691971751112
CANE,BT1,Post-exposure,Control,113.803,196.889,57.800588148652274
CANE,BT1,Post-exposure,Control,125.958,197.305,63.839233673753824
CANE,BT2,Post-exposure,Control,125.16,207.246,60.391997915520676
CANE,BT2,Post-exposure,Control,125.004,207.55,60.228378703926765
CANE,BT3,Post-exposure,Heat-stressed,112.84,194.831,57.91686127977581
CANE,BT3,Post-exposure,Heat-stressed,183.919,194.953,94.34017429842065
CANE,BT4,Post-exposure,Heat-stressed,97.653,205.093,47.61400925433828
CANE,BT4,Post-exposure,Heat-stressed,95.883,205.214,46.7234204294054
CANE,BT5,Post-exposure,Heat-stressed,153.639,196.272,78.27861335289803
CANE,BT5,Post-exposure,Heat-stressed,76.412,196.398,38.906709844295776
CANE,BT6,Post-exposure,Control,67.86,205.915,32.95534565233228
CANE,BT6,Post-exposure,Control,79.559,205.881,38.643196798150385
CANE,BT7,Post-exposure,Heat-stressed,195.039,192.306,101.42117250631803
CANE,BT7,Post-exposure,Heat-stressed,189.811,192.835,98.43181994969792
CANE,BT8,Post-exposure,Control,83.613,202.123,41.36738520603791
CANE,BT8,Post-exposure,Control,62.096,203.066,30.579220548984072
CANF,BT1,Post-exposure,Control,119.821,197.417,60.69436775961543
CANF,BT1,Post-exposure,Control,112.056,205.797,54.44977332031079
CANF,BT2,Post-exposure,Control,95.045,211.594,44.9185704698621
CANF,BT2,Post-exposure,Control,128.227,211.906,60.51126442856738
CANF,BT3,Post-exposure,Heat-stressed,152.97,185.114,82.63556511122876
CANF,BT3,Post-exposure,Heat-stressed,119.377,174.228,68.51768946438
CANF,BT4,Post-exposure,Heat-stressed,119.025,212.832,55.92439106901218
CANF,BT4,Post-exposure,Heat-stressed,128.8,205.51,62.673349228748
CANF,BT5,Post-exposure,Heat-stressed,121.696,187.991,64.73501391024038
CANF,BT5,Post-exposure,Heat-stressed,92.915,188.058,49.40762956109286
CANF,BT6,Post-exposure,Control,139.865,202.817,68.9611817549811
CANF,BT6,Post-exposure,Control,73.555,203.123,36.21204885709645
CANF,BT7,Post-exposure,Heat-stressed,195.781,186.864,104.77191968490453
CANF,BT7,Post-exposure,Heat-stressed,207.218,186.38,111.1803841613907
CANF,BT8,Post-exposure,Control,63.502,202.939,31.29117616623715
CANF,BT8,Post-exposure,Control,76.199,202.796,37.57421250912247
CANG,BT1,Post-exposure,Control,143.871,201.404,71.43403308772417
CANG,BT1,Post-exposure,Control,82.026,201.735,40.6602721391925
CANG,BT2,Post-exposure,Control,98.13,197.912,49.58264279073527
CANG,BT2,Post-exposure,Control,96.043,197.645,48.593690708087735
CANG,BT3,Post-exposure,Heat-stressed,85.993,190.158,45.22186813071236
CANG,BT3,Post-exposure,Heat-stressed,89.962,190.455,47.2353049276732
CANG,BT4,Post-exposure,Heat-stressed,120.172,201.659,59.591686956694225
CANG,BT4,Post-exposure,Heat-stressed,119.64,201.8,59.28642220019821
CANG,BT5,Post-exposure,Heat-stressed,107.727,191.85,56.15168100078186
CANG,BT5,Post-exposure,Heat-stressed,86.015,191.77,44.85320957396882
CANG,BT6,Post-exposure,Control,95.53,196.505,48.61453907025267
CANG,BT6,Post-exposure,Control,95.908,196.586,48.786790514075264
CANG,BT7,Post-exposure,Heat-stressed,242.012,195.713,123.65657876584591
CANG,BT7,Post-exposure,Heat-stressed,127.086,195.977,64.84740556289769
CANG,BT8,Post-exposure,Control,96.036,200.257,47.956376056767056
CANG,BT8,Post-exposure,Control,97.343,200.477,48.555694668216304
CANH,BT1,Post-exposure,Control,126.779,202.807,62.51214208582544
CANH,BT1,Post-exposure,Control,110.68,202.909,54.54661942052842
CANH,BT2,Post-exposure,Control,102.224,205.437,49.75929360339179
CANH,BT2,Post-exposure,Control,129.502,205.505,63.01647161869541
CANH,BT3,Post-exposure,Heat-stressed,143.5,201.041,71.37847503743018
CANH,BT3,Post-exposure,Heat-stressed,157,200.773,78.19776563581756
CANH,BT4,Post-exposure,Heat-stressed,148,209.22,70.73893509224739
CANH,BT4,Post-exposure,Heat-stressed,118.804,209.218,56.78478907168599
CANH,BT5,Post-exposure,Heat-stressed,89.197,206.968,43.097000502493145
CANH,BT5,Post-exposure,Heat-stressed,75.784,206.898,36.628676932594814
CANH,BT6,Post-exposure,Control,80.985,207.53,39.02327374355515
CANH,BT6,Post-exposure,Control,65.695,207.511,31.658562678604984
CANH,BT7,Post-exposure,Heat-stressed,154,203.797,75.56539105089868
CANH,BT7,Post-exposure,Heat-stressed,133.749,203.868,65.60568603213845
CANH,BT8,Post-exposure,Control,93.381,202.428,46.1304760211038
CANH,BT8,Post-exposure,Control,87.679,202.15,43.3732376947811
CANI,BT1,Post-exposure,Control,138.104,207.37,66.59786854414814
CANI,BT1,Post-exposure,Control,109.933,207.203,53.0556990004971
CANI,BT2,Post-exposure,Control,130.145,206.784,62.93765475085114
CANI,BT2,Post-exposure,Control,85.744,206.671,41.488162344983095
CANI,BT3,Post-exposure,Heat-stressed,153.601,203.881,75.3385553337486
CANI,BT3,Post-exposure,Heat-stressed,179.992,204.347,88.08154756370291
CANI,BT4,Post-exposure,Heat-stressed,130.209,199.936,65.12534010883483
CANI,BT4,Post-exposure,Heat-stressed,118.515,199.479,59.412268960642464
CANI,BT5,Post-exposure,Heat-stressed,183.465,199.535,91.94627508958328
CANI,BT5,Post-exposure,Heat-stressed,115.084,199.29,57.747001856590906
CANI,BT6,Post-exposure,Control,151.183,195.799,77.21336676898247
CANI,BT6,Post-exposure,Control,112.905,196.082,57.58050203486297
CANI,BT7,Post-exposure,Heat-stressed,141.007,200.304,70.39649732406743
CANI,BT7,Post-exposure,Heat-stressed,139.628,200.246,69.72823427184562
CANI,BT8,Post-exposure,Control,146.605,197.821,74.10992766187614
CANI,BT8,Post-exposure,Control,114.888,197.309,58.22745034438369
CANJ,BT1,Post-exposure,Control,148.825,219.161,67.90669872833213
CANJ,BT1,Post-exposure,Control,103.532,219.653,47.13434371485935
CANJ,BT2,Post-exposure,Control,163.741,203.852,80.32346996840846
CANJ,BT2,Post-exposure,Control,117.67,204.031,57.67260857418726
CANJ,BT3,Post-exposure,Heat-stressed,134.557,199.7,67.37956935403105
CANJ,BT3,Post-exposure,Heat-stressed,218.491,199.943,109.2766438434954
CANJ,BT4,Post-exposure,Heat-stressed,128.843,201.847,63.8320113749523
CANJ,BT4,Post-exposure,Heat-stressed,195.69,201.977,96.8872693425489
CANJ,BT5,Post-exposure,Heat-stressed,212.696,192.839,110.29719092092367
CANJ,BT5,Post-exposure,Heat-stressed,213.172,192.285,110.86252177756974
CANJ,BT6,Post-exposure,Control,163.444,209.818,77.89798777988541
CANJ,BT6,Post-exposure,Control,127.468,209.666,60.795741798861044
CANJ,BT7,Post-exposure,Heat-stressed,171.879,176.374,97.45143842062889
CANJ,BT7,Post-exposure,Heat-stressed,209.019,184.071,113.55346578222535
CANJ,BT8,Post-exposure,Control,103.076,196.033,52.58094300449414
CANJ,BT8,Post-exposure,Control,96.048,196.022,48.9985817918397
CANK,BT1,Post-exposure,Control,108.447,195.967,55.33941939204049
CANK,BT1,Post-exposure,Control,70.848,195.761,36.1910697227742
CANK,BT2,Post-exposure,Control,151.083,205.254,73.60782250285013
CANK,BT2,Post-exposure,Control,97.991,205.244,47.74366120325077
CANK,BT3,Post-exposure,Heat-stressed,110.335,194.546,56.714093324971984
CANK,BT3,Post-exposure,Heat-stressed,115.063,194.534,59.148015256973075
CANK,BT4,Post-exposure,Heat-stressed,194.069,195.747,99.142771025865
CANK,BT4,Post-exposure,Heat-stressed,229.12,196.266,116.73952696850193
CANK,BT5,Post-exposure,Heat-stressed,222.385,186.095,119.50079260592707
CANK,BT5,Post-exposure,Heat-stressed,206.122,186.396,110.58284512543189
CANK,BT6,Post-exposure,Control,157.608,207.187,76.07040982301014
CANK,BT6,Post-exposure,Control,74.025,207.304,35.708428202060745
CANK,BT7,Post-exposure,Heat-stressed,228.993,182.077,125.76712050396262
CANK,BT7,Post-exposure,Heat-stressed,224.825,182.052,123.49493551293035
CANK,BT8,Post-exposure,Control,76.306,205.636,37.10731583963897
CANK,BT8,Post-exposure,Control,80.396,205.851,39.05543329884237
CANL,BT1,Post-exposure,Control,134.409,226.68,59.294600317628365
CANL,BT1,Post-exposure,Control,114.963,223.477,51.44287779055562
CANL,BT2,Post-exposure,Control,109.363,206.319,53.00675168064986
CANL,BT2,Post-exposure,Control,99.305,206.202,48.15908672078836
CANL,BT3,Post-exposure,Heat-stressed,180.02,200.102,89.96411829966718
CANL,BT3,Post-exposure,Heat-stressed,157.822,210.432,74.99904957420925
CANL,BT4,Post-exposure,Heat-stressed,128.961,206.607,62.418504697323904
CANL,BT4,Post-exposure,Heat-stressed,104.2,215.797,48.28612075237376
CANL,BT5,Post-exposure,Heat-stressed,224.355,184.17,121.81951457892166
CANL,BT5,Post-exposure,Heat-stressed,179.263,184.055,97.39643041482165
CANL,BT6,Post-exposure,Control,72.611,195.183,37.201498081287824
CANL,BT6,Post-exposure,Control,69.721,195.008,35.7528921890384
CANL,BT7,Post-exposure,Heat-stressed,234.703,180.523,130.01279615339874
CANL,BT7,Post-exposure,Heat-stressed,212.149,180.2,117.72974472807991
CANL,BT8,Post-exposure,Control,77.65,194.96,39.82868280672959
CANL,BT8,Post-exposure,Control,77.934,195.334,39.89781604840939
CANM,BT1,Post-exposure,Control,144.912,205.265,70.59752027866418
CANM,BT1,Post-exposure,Control,153.531,205.556,74.6905952635778
CANM,BT2,Post-exposure,Control,125.429,208.619,60.12347868602572
CANM,BT2,Post-exposure,Control,115.378,208.522,55.3313319457899
CANM,BT3,Post-exposure,Heat-stressed,114.329,201.121,56.84587884905107
CANM,BT3,Post-exposure,Heat-stressed,108.603,200.967,54.04021555777814
CANM,BT4,Post-exposure,Heat-stressed,108.743,194.731,55.842675280258405
CANM,BT4,Post-exposure,Heat-stressed,124.517,194.481,64.02527753353799
CANM,BT5,Post-exposure,Heat-stressed,80.571,196.341,41.03625834644827
CANM,BT5,Post-exposure,Heat-stressed,109.794,196.668,55.827079138446514
CANM,BT6,Post-exposure,Control,97.721,186.943,52.27315277918938
CANM,BT6,Post-exposure,Control,67.425,186.885,36.07833694518019
CANM,BT7,Post-exposure,Heat-stressed,112.596,195.194,57.6841501275654
CANM,BT7,Post-exposure,Heat-stressed,99.963,194.935,51.280170313181316
CANM,BT8,Post-exposure,Control,85.957,181.923,47.24911088757331
CANM,BT8,Post-exposure,Control,135.353,191.731,70.5952610688934
CANN,BT1,Post-exposure,Control,119.953,188.989,63.470889840149425
CANN,BT1,Post-exposure,Control,109.56,189.464,57.82628889921041
CANN,BT2,Post-exposure,Control,146.141,207.481,70.4358471378102
CANN,BT2,Post-exposure,Control,109.335,207.288,52.74545559800856
CANN,BT3,Post-exposure,Heat-stressed,145.688,202.49,71.94824435774605
CANN,BT3,Post-exposure,Heat-stressed,128.346,202.512,63.37698506755155
CANN,BT4,Post-exposure,Heat-stressed,118.136,204.699,57.712055261628045
CANN,BT4,Post-exposure,Heat-stressed,160.336,204.345,78.46338300423305
CANN,BT5,Post-exposure,Heat-stressed,139.702,201.079,69.47617603031644
CANN,BT5,Post-exposure,Heat-stressed,143.665,201.387,71.33777254738389
CANN,BT6,Post-exposure,Control,59.431,180.788,32.873310175454115
CANN,BT6,Post-exposure,Control,54.31,180.853,30.029913797393466
CANN,BT7,Post-exposure,Heat-stressed,150.589,198.007,76.05236178518942
CANN,BT7,Post-exposure,Heat-stressed,144.827,197.862,73.19596486440044
CANN,BT8,Post-exposure,Control,111.891,198.415,56.392409848045766
CANN,BT8,Post-exposure,Control,143.335,198.285,72.28736414756538
CANO,BT1,Post-exposure,Control,104.718,193.979,53.9841941653478
CANO,BT1,Post-exposure,Control,124.189,194.204,63.947704475705955
CANO,BT2,Post-exposure,Control,103.42,206.89,49.98791628401567
CANO,BT2,Post-exposure,Control,127.09,206.921,61.41957558681816
CANO,BT3,Post-exposure,Heat-stressed,123.405,203.457,60.6540939854613
CANO,BT3,Post-exposure,Heat-stressed,130.935,203.708,64.27582618257506
CANO,BT4,Post-exposure,Heat-stressed,110.568,196.991,56.12845256889908
CANO,BT4,Post-exposure,Heat-stressed,121.854,196.712,61.94538208141852
CANO,BT5,Post-exposure,Heat-stressed,104.26,188.872,55.201406243381754
CANO,BT5,Post-exposure,Heat-stressed,93.778,198.948,47.13694030600961
CANO,BT6,Post-exposure,Control,129.311,185.406,69.74477632870565
CANO,BT6,Post-exposure,Control,101.12,185.634,54.47277977094714
CANO,BT7,Post-exposure,Heat-stressed,114.886,196.211,58.55227280835427
CANO,BT7,Post-exposure,Heat-stressed,114.552,196.044,58.43178062067699
CANO,BT8,Post-exposure,Control,107.142,201.698,53.12001110571249
CANO,BT8,Post-exposure,Control,68.626,201.693,34.024978556519066
MAGA,BT1,Post-exposure,Control,113.181,206.74,54.74557415110767
MAGA,BT1,Post-exposure,Control,91.724,207.066,44.29698743395826
MAGA,BT2,Post-exposure,Control,112.493,193.138,58.244881897917544
MAGA,BT2,Post-exposure,Control,131.103,193.079,67.90122177968604
MAGA,BT3,Post-exposure,Heat-stressed,141.575,207.097,68.36168558694717
MAGA,BT3,Post-exposure,Heat-stressed,184.381,207.658,88.79070394591108
MAGA,BT4,Post-exposure,Heat-stressed,102.266,196.431,52.062047232870576
MAGA,BT4,Post-exposure,Heat-stressed,77.968,196.246,39.729726975326884
MAGA,BT5,Post-exposure,Heat-stressed,90.354,197.93,45.64947203556813
MAGA,BT5,Post-exposure,Heat-stressed,88.722,197.881,44.83603782071042
MAGA,BT6,Post-exposure,Control,124.344,198.384,62.67844180982337
MAGA,BT6,Post-exposure,Control,94.409,198.194,47.634640806482544
MAGA,BT7,Post-exposure,Heat-stressed,92.31,192.663,47.91267653882686
MAGA,BT7,Post-exposure,Heat-stressed,122.016,192.805,63.2846658541013
MAGA,BT8,Post-exposure,Control,93.131,190.551,48.87457950889789
MAGA,BT8,Post-exposure,Control,108.982,190.75,57.13342070773263
MAGB,BT1,Post-exposure,Control,109.624,210.609,52.05095698664349
MAGB,BT1,Post-exposure,Control,119.561,210.77,56.725814869288804
MAGB,BT2,Post-exposure,Control,150.783,201.968,74.65687633684543
MAGB,BT2,Post-exposure,Control,106.241,201.861,52.63077067883346
MAGB,BT3,Post-exposure,Heat-stressed,120.444,209.495,57.49254158810473
MAGB,BT3,Post-exposure,Heat-stressed,117.604,209.495,56.136900642020095
MAGB,BT4,Post-exposure,Heat-stressed,122.691,192.032,63.890914014330946
MAGB,BT4,Post-exposure,Heat-stressed,79.638,192.064,41.464303565478176
MAGB,BT5,Post-exposure,Heat-stressed,115.765,188.378,61.45356676469652
MAGB,BT5,Post-exposure,Heat-stressed,83.528,188.563,44.297131462694175
MAGB,BT6,Post-exposure,Control,88.541,195.611,45.26381440716524
MAGB,BT6,Post-exposure,Control,91.199,195.966,46.538174989539
MAGB,BT7,Post-exposure,Heat-stressed,100.309,190.983,52.52247582245539
MAGB,BT7,Post-exposure,Heat-stressed,111.984,191.3,58.53842132775744
MAGB,BT8,Post-exposure,Control,83.774,193.1,43.38373899533921
MAGB,BT8,Post-exposure,Control,64.097,193.042,33.20365516312512
MAGC,BT1,Post-exposure,Control,141.372,206.34,68.51410293690027
MAGC,BT1,Post-exposure,Control,149.551,206.34,72.47794901618687
MAGC,BT2,Post-exposure,Control,144.327,203.586,70.89239928089357
MAGC,BT2,Post-exposure,Control,148.156,213.273,69.46777135408608
MAGC,BT3,Post-exposure,Heat-stressed,120.023,213.742,56.15321275182229
MAGC,BT3,Post-exposure,Heat-stressed,126.801,213.824,59.301575127207414
MAGC,BT4,Post-exposure,Heat-stressed,122.635,202.102,60.67975576688999
MAGC,BT4,Post-exposure,Heat-stressed,139.99,201.869,69.34695272676835
MAGC,BT5,Post-exposure,Heat-stressed,120.948,196.652,61.50356975774465
MAGC,BT5,Post-exposure,Heat-stressed,94.954,196.579,48.303226692576516
MAGC,BT6,Post-exposure,Control,88.145,202.145,43.60483811125677
MAGC,BT6,Post-exposure,Control,121.779,202.131,60.247562224497976
MAGC,BT7,Post-exposure,Heat-stressed,117.458,194.867,60.27598310642644
MAGC,BT7,Post-exposure,Heat-stressed,98.987,195.112,50.73342490467013
MAGC,BT8,Post-exposure,Control,91.238,192.046,47.50840944357081
MAGC,BT8,Post-exposure,Control,97.106,199.992,48.55494219768791
MAGD,BT1,Post-exposure,Control,107.39,199.716,53.77135532456088
MAGD,BT1,Post-exposure,Control,148.239,199.546,74.28813406432603
MAGD,BT2,Post-exposure,Control,96.008,205.916,46.624837312302105
MAGD,BT2,Post-exposure,Control,104.987,212.452,49.416809444015584
MAGD,BT3,Post-exposure,Heat-stressed,111.189,211.323,52.61566417285387
MAGD,BT3,Post-exposure,Heat-stressed,150.009,211.37,70.96986327293371
MAGD,BT4,Post-exposure,Heat-stressed,104.662,191.003,54.7959979686183
MAGD,BT4,Post-exposure,Heat-stressed,130.135,190.818,68.19849280466202
MAGD,BT5,Post-exposure,Heat-stressed,113.841,185.959,61.21833307341941
MAGD,BT5,Post-exposure,Heat-stressed,88.094,186.231,47.303617550246734
MAGD,BT6,Post-exposure,Control,111.344,184.725,60.2755447286507
MAGD,BT6,Post-exposure,Control,104.854,184.97,56.68703032924258
MAGD,BT7,Post-exposure,Heat-stressed,97.862,186.068,52.59475030633961
MAGD,BT7,Post-exposure,Heat-stressed,95.415,186.17,51.25154428747919
MAGD,BT8,Post-exposure,Control,49.524,186.605,26.539481793092364
MAGD,BT8,Post-exposure,Control,84.075,194.997,43.11604793919906
MAGE,BT1,Post-exposure,Control,148.86,196.943,75.58532164128707
MAGE,BT1,Post-exposure,Control,101.11,196.362,51.49163280064371
MAGE,BT2,Post-exposure,Control,120.809,189.808,63.64800219168845
MAGE,BT2,Post-exposure,Control,116.668,189.773,61.477660151865656
MAGE,BT3,Post-exposure,Heat-stressed,150.192,205.868,72.9554860395982
MAGE,BT3,Post-exposure,Heat-stressed,145.242,206.274,70.41217022019255
MAGE,BT4,Post-exposure,Heat-stressed,249.014,195.245,127.53924556326666
MAGE,BT4,Post-exposure,Heat-stressed,118.457,195.373,60.631202878596326
MAGE,BT5,Post-exposure,Heat-stressed,240.979,190.905,126.22980016238444
MAGE,BT5,Post-exposure,Heat-stressed,216.343,199.279,108.56286914326145
MAGE,BT6,Post-exposure,Control,144.315,199.567,72.31405993976959
MAGE,BT6,Post-exposure,Control,122.656,199.86,61.370959671770244
MAGE,BT7,Post-exposure,Heat-stressed,239.082,190.81,125.29846444106703
MAGE,BT7,Post-exposure,Heat-stressed,224.158,190.685,117.55408133833285
MAGE,BT8,Post-exposure,Control,124.25,193.661,64.15850377721895
MAGE,BT8,Post-exposure,Control,92.272,193.672,47.643438390681155
MAGF,BT1,Post-exposure,Control,106.979,199.842,53.5317901141902
MAGF,BT1,Post-exposure,Control,126.502,199.943,63.26903167402709
MAGF,BT2,Post-exposure,Control,84.869,194.623,43.60687071928806
MAGF,BT2,Post-exposure,Control,115.785,202.705,57.11995264053673
MAGF,BT3,Post-exposure,Heat-stressed,116.203,206.227,56.3471320438158
MAGF,BT3,Post-exposure,Heat-stressed,131.82,213.04,61.87570409312805
MAGF,BT4,Post-exposure,Heat-stressed,79.491,191.021,41.613749273640074
MAGF,BT4,Post-exposure,Heat-stressed,58.752,200.874,29.248185429672336
MAGF,BT5,Post-exposure,Heat-stressed,72.558,184.856,39.251092742459
MAGF,BT5,Post-exposure,Heat-stressed,116.98,193.106,60.578128074736156
MAGF,BT6,Post-exposure,Control,130.937,202.448,64.67685529123528
MAGF,BT6,Post-exposure,Control,132.667,202.592,65.48481677460116
MAGF,BT7,Post-exposure,Heat-stressed,86.346,198.728,43.4493377883338
MAGF,BT7,Post-exposure,Heat-stressed,120.969,206.474,58.58800623807356
MAGF,BT8,Post-exposure,Control,106.043,183.913,57.6593280518506
MAGF,BT8,Post-exposure,Control,65.727,192.809,34.089176335129586
MAGG,BT1,Post-exposure,Control,152.16,210.838,72.16915356814236
MAGG,BT1,Post-exposure,Control,156.17,210.721,74.11221472942896
MAGG,BT2,Post-exposure,Control,142.552,193.136,73.80912931820063
MAGG,BT2,Post-exposure,Control,109.749,200.094,54.84872110108249
MAGG,BT3,Post-exposure,Heat-stressed,155.147,197.281,78.64264678301508
MAGG,BT3,Post-exposure,Heat-stressed,102.158,205.634,49.67952770456248
MAGG,BT4,Post-exposure,Heat-stressed,136.442,190.257,71.71457554781165
MAGG,BT4,Post-exposure,Heat-stressed,131.345,200.559,65.48945696777507
MAGG,BT5,Post-exposure,Heat-stressed,124.914,182.554,68.42578086484
MAGG,BT5,Post-exposure,Heat-stressed,104.105,182.445,57.061032091863304
MAGG,BT6,Post-exposure,Control,67.76,190.673,35.537281104298984
MAGG,BT6,Post-exposure,Control,81.172,190.78,42.547436838243
MAGG,BT7,Post-exposure,Heat-stressed,92.855,185.182,50.14256245207418
MAGG,BT7,Post-exposure,Heat-stressed,195.892,190.698,102.72367827664684
MAGG,BT8,Post-exposure,Control,93.609,187.662,49.88170220929117
MAGG,BT8,Post-exposure,Control,57.401,197.644,29.042622088198982
MAGH,BT1,Post-exposure,Control,91.969,190.781,48.20658241648801
MAGH,BT1,Post-exposure,Control,120.764,190.834,63.28222434157434
MAGH,BT2,Post-exposure,Control,89.758,190.898,47.01882680803361
MAGH,BT2,Post-exposure,Control,81.02,200.067,40.496433694712266
MAGH,BT3,Post-exposure,Heat-stressed,98.886,204.089,48.45239086868964
MAGH,BT3,Post-exposure,Heat-stressed,132.764,204.393,64.95525776323065
MAGH,BT4,Post-exposure,Heat-stressed,108.777,194.026,56.063104944698125
MAGH,BT4,Post-exposure,Heat-stressed,110.141,203.169,54.21151848953334
MAGH,BT5,Post-exposure,Heat-stressed,134.699,187.193,71.95728472752721
MAGH,BT5,Post-exposure,Heat-stressed,108.046,186.703,57.87052163061118
MAGH,BT6,Post-exposure,Control,58.526,186.124,31.444628312307927
MAGH,BT6,Post-exposure,Control,104.298,186.242,56.001331600820436
MAGH,BT7,Post-exposure,Heat-stressed,220.614,198.214,111.30091719051127
MAGH,BT7,Post-exposure,Heat-stressed,193.104,198.589,97.23801419011124
MAGH,BT8,Post-exposure,Control,55.115,199.756,27.591161216684355
MAGH,BT8,Post-exposure,Control,72.934,209.434,34.82433606768719
MAGI,BT1,Post-exposure,Control,127.099,201.21,63.16733760747477
MAGI,BT1,Post-exposure,Control,127.366,201.356,63.25413695146904
MAGI,BT2,Post-exposure,Control,149.41,190.267,78.52649171953098
MAGI,BT2,Post-exposure,Control,145.207,190.385,76.27018935315282
MAGI,BT3,Post-exposure,Heat-stressed,154.275,208.827,73.87694120013218
MAGI,BT3,Post-exposure,Heat-stressed,140.392,209.059,67.15424832224396
MAGI,BT4,Post-exposure,Heat-stressed,139.923,190.766,73.34797605443319
MAGI,BT4,Post-exposure,Heat-stressed,133.271,199.193,66.9054635454057
MAGI,BT5,Post-exposure,Heat-stressed,106.738,186.675,57.17851881612428
MAGI,BT5,Post-exposure,Heat-stressed,124.137,196.418,63.20041951348654
MAGI,BT6,Post-exposure,Control,154.563,196.025,78.84861624792755
MAGI,BT6,Post-exposure,Control,92.004,205.361,44.801106344437365
MAGI,BT7,Post-exposure,Heat-stressed,163.195,199.402,81.84220820252555
MAGI,BT7,Post-exposure,Heat-stressed,179.827,207.821,86.5297539709654
MAGI,BT8,Post-exposure,Control,116.367,187.772,61.972498562085946
MAGI,BT8,Post-exposure,Control,150.038,197.243,76.06759175230555
MAGJ,BT1,Post-exposure,Control,143.676,211.531,67.9219594291144
MAGJ,BT1,Post-exposure,Control,140.417,203.295,69.07056248309108
MAGJ,BT2,Post-exposure,Control,151.659,197.24,76.89059014398701
MAGJ,BT2,Post-exposure,Control,108.33,207.144,52.29695284439809
MAGJ,BT3,Post-exposure,Heat-stressed,154.168,207.552,74.27921677459143
MAGJ,BT3,Post-exposure,Heat-stressed,137.689,216.787,63.51349481288084
MAGJ,BT4,Post-exposure,Heat-stressed,139.646,191.086,73.08018379159121
MAGJ,BT4,Post-exposure,Heat-stressed,143.363,191.379,74.91051787291187
MAGJ,BT5,Post-exposure,Heat-stressed,133.354,188.917,70.58867121540148
MAGJ,BT5,Post-exposure,Heat-stressed,119.329,189.455,62.98540550526509
MAGJ,BT6,Post-exposure,Control,162.879,185.928,87.60326578030205
MAGJ,BT6,Post-exposure,Control,111.496,186.141,59.89867895842399
MAGJ,BT7,Post-exposure,Heat-stressed,197.15,190.209,103.64914383651667
MAGJ,BT7,Post-exposure,Heat-stressed,211.52,198.396,106.61505272283716
MAGJ,BT8,Post-exposure,Control,148.135,207.636,71.34360130227898
MAGJ,BT8,Post-exposure,Control,121.331,207.63,58.43616047777297
MAGK,BT1,Post-exposure,Control,163.379,207.251,78.83146522815329
MAGK,BT1,Post-exposure,Control,141.085,207.424,68.01768358531316
MAGK,BT2,Post-exposure,Control,145.818,198.266,73.54664945073792
MAGK,BT2,Post-exposure,Control,145.371,198.727,73.15110679474857
MAGK,BT3,Post-exposure,Heat-stressed,179.736,201.068,89.39065390813057
MAGK,BT3,Post-exposure,Heat-stressed,89.838,201.013,44.69263181983255
MAGK,BT4,Post-exposure,Heat-stressed,87.779,190.077,46.180758324258065
MAGK,BT4,Post-exposure,Heat-stressed,95.378,190.416,50.089278211914966
MAGK,BT5,Post-exposure,Heat-stressed,115.117,198.534,57.98351919570452
MAGK,BT5,Post-exposure,Heat-stressed,154.567,198.283,77.9527241367137
MAGK,BT6,Post-exposure,Control,154.86,198.282,78.10088661603172
MAGK,BT6,Post-exposure,Control,133.707,198.55,67.341727524553
MAGK,BT7,Post-exposure,Heat-stressed,116.886,186.057,62.822683371224954
MAGK,BT7,Post-exposure,Heat-stressed,143.521,186.217,77.0719107278068
MAGK,BT8,Post-exposure,Control,122.992,192.37,63.93512501949369
MAGK,BT8,Post-exposure,Control,133.992,202.018,66.32676296171628
MAGL,BT1,Post-exposure,Control,137.546,190.221,72.30852534683342
MAGL,BT1,Post-exposure,Control,139.913,190.794,73.33197060704215
MAGL,BT2,Post-exposure,Control,93.434,202.537,46.13181789006453
MAGL,BT2,Post-exposure,Control,81.249,202.595,40.10414867099385
MAGL,BT3,Post-exposure,Heat-stressed,228.34,190.986,119.5585016702795
MAGL,BT3,Post-exposure,Heat-stressed,217.837,191.065,114.01198544997774
MAGL,BT4,Post-exposure,Heat-stressed,213.666,180.649,118.27687947345404
MAGL,BT4,Post-exposure,Heat-stressed,216.627,181.586,119.29719251484146
MAGL,BT5,Post-exposure,Heat-stressed,229.912,178.409,128.86793827665645
MAGL,BT5,Post-exposure,Heat-stressed,211.983,179.212,118.28616387295494
MAGL,BT6,Post-exposure,Control,124.642,203.098,61.37037292341627
MAGL,BT6,Post-exposure,Control,121.133,203.082,59.6473345742114
MAGL,BT7,Post-exposure,Heat-stressed,191.436,179.485,106.65849513886954
MAGL,BT7,Post-exposure,Heat-stressed,201.988,179.409,112.58521032947067
MAGL,BT8,Post-exposure,Control,101.474,192.886,52.608276391236274
MAGL,BT8,Post-exposure,Control,89.331,192.942,46.29940603912057
MAGM,BT1,Post-exposure,Control,113.345,194.197,58.365989175939895
MAGM,BT1,Post-exposure,Control,91.167,194.536,46.86381955010898
MAGM,BT2,Post-exposure,Control,95.709,204.16,46.879408307210035
MAGM,BT2,Post-exposure,Control,101.361,211.929,47.82781025720879
MAGM,BT3,Post-exposure,Heat-stressed,158.686,207.749,76.38352049829362
MAGM,BT3,Post-exposure,Heat-stressed,129.249,207.995,62.14043606817471
MAGM,BT4,Post-exposure,Heat-stressed,81.155,180.705,44.91021277773166
MAGM,BT4,Post-exposure,Heat-stressed,91.343,178.607,51.14189253500703
MAGM,BT5,Post-exposure,Heat-stressed,87.426,184.591,47.36200573159038
MAGM,BT5,Post-exposure,Heat-stressed,109.441,184.76,59.23414158908855
MAGM,BT6,Post-exposure,Control,111.523,199.934,55.77990736943191
MAGM,BT6,Post-exposure,Control,111.928,199.938,55.981354219808146
MAGM,BT7,Post-exposure,Heat-stressed,94.215,180.083,52.31754246652932
MAGM,BT7,Post-exposure,Heat-stressed,231.568,180.304,128.43198154228415
MAGM,BT8,Post-exposure,Control,99.754,198.616,50.22455391307851
MAGM,BT8,Post-exposure,Control,105.235,198.781,52.9401703382114
MAGN,BT1,Post-exposure,Control,104.968,202.056,51.94995446806826
MAGN,BT1,Post-exposure,Control,101.348,194.06,52.22508502524992
MAGN,BT2,Post-exposure,Control,107.918,189.093,57.07138815291947
MAGN,BT2,Post-exposure,Control,143.305,189.221,75.73419440759747
MAGN,BT3,Post-exposure,Heat-stressed,149.425,190.096,78.60502062115984
MAGN,BT3,Post-exposure,Heat-stressed,168.061,190.16,88.37873369793859
MAGN,BT4,Post-exposure,Heat-stressed,101.765,190.402,53.447442778962404
MAGN,BT4,Post-exposure,Heat-stressed,126.18,190.294,66.30792352885535
MAGN,BT5,Post-exposure,Heat-stressed,139.39,185.029,75.33413681098638
MAGN,BT5,Post-exposure,Heat-stressed,123.149,185.259,66.47396347815761
MAGN,BT6,Post-exposure,Control,107.471,177.392,60.583904572923245
MAGN,BT6,Post-exposure,Control,84.847,185.951,45.628687127253954
MAGN,BT7,Post-exposure,Heat-stressed,124.252,190.394,65.26045988844186
MAGN,BT7,Post-exposure,Heat-stressed,123.455,196.696,62.764367348598846
MAGN,BT8,Post-exposure,Control,92.488,187.896,49.222974411376505
MAGN,BT8,Post-exposure,Control,91.972,197.674,46.527110292704144
MAGO,BT1,Post-exposure,Control,128.635,201.351,63.88595040501413
MAGO,BT1,Post-exposure,Control,130.685,201.476,64.86380511822748
MAGO,BT2,Post-exposure,Control,106.395,210.16,50.62571374191093
MAGO,BT2,Post-exposure,Control,145.393,218.798,66.45079022660171
MAGO,BT3,Post-exposure,Heat-stressed,116.343,206.907,56.22961040467457
MAGO,BT3,Post-exposure,Heat-stressed,99.865,213.356,46.806745533287085
MAGO,BT4,Post-exposure,Heat-stressed,116.074,196.998,58.92141036964842
MAGO,BT4,Post-exposure,Heat-stressed,89.891,196.801,45.676089044262994
MAGO,BT5,Post-exposure,Heat-stressed,116.826,190.042,61.4737794803254
MAGO,BT5,Post-exposure,Heat-stressed,106.281,198.231,53.61472221801837
MAGO,BT6,Post-exposure,Control,120.496,202.534,59.49420837982758
MAGO,BT6,Post-exposure,Control,91.11,211.334,43.1118513821723
MAGO,BT7,Post-exposure,Heat-stressed,234.518,189.671,123.64462674842227
MAGO,BT7,Post-exposure,Heat-stressed,112.588,189.779,59.32584743306688
MAGO,BT8,Post-exposure,Control,110.765,204.672,54.11829659161976
MAGO,BT8,Post-exposure,Control,120.748,213.817,56.472591047484535
